Study,Year,PDF link,PDF path,Arm / test,TP,FN,FP,TN,N positive,N negative,Sensitivity,Specificity,AUC (raw),Unit,Modality,Reference standard,Region,Validation type,Design (prospective),Vendor involvement,Glaucoma target,Glaucoma superclass,Age (glaucoma),Prevalence,AI algorithm,Threshold,Source sheet
Acharya (2018),2018,projects/glaucoma-dl-dta-nma/pdfs/Acharya (2018).pdf,04_fulltext/pdfs/Acharya (2018).pdf,"KNN (proposed, hybrid GLCM + PCA)",10,0,0,10,10,10,1.0,1.0,n/r,image,fundus,combined criteria,Asia,internal,retrospective,no,confirmed,unspecified,n/r,0.5,"K-Nearest Neighbor with Haar DWT + GLCM (homogeneity, correlation) + PCA",n/r,claude_pdf
Acharya (2018),2018,projects/glaucoma-dl-dta-nma/pdfs/Acharya (2018).pdf,04_fulltext/pdfs/Acharya (2018).pdf,Random Forest (with PCA),10,0,1,9,10,10,1.0,0.9,n/r,image,fundus,combined criteria,Asia,internal,retrospective,no,confirmed,unspecified,n/r,0.5,Random Forest with Haar DWT + GLCM + PCA,n/r,claude_pdf
Acharya (2018),2018,projects/glaucoma-dl-dta-nma/pdfs/Acharya (2018).pdf,04_fulltext/pdfs/Acharya (2018).pdf,SVM (with PCA),10,0,3,7,10,10,1.0,0.7,n/r,image,fundus,combined criteria,Asia,internal,retrospective,no,confirmed,unspecified,n/r,0.5,Support Vector Machine with Haar DWT + GLCM + PCA,n/r,claude_pdf
Acharya (2018),2018,projects/glaucoma-dl-dta-nma/pdfs/Acharya (2018).pdf,04_fulltext/pdfs/Acharya (2018).pdf,Neural Network (with PCA),8,2,5,5,10,10,0.8,0.5,n/r,image,fundus,combined criteria,Asia,internal,retrospective,no,confirmed,unspecified,n/r,0.5,Neural Network with Haar DWT + GLCM + PCA,n/r,claude_pdf
Acharya (2018),2018,projects/glaucoma-dl-dta-nma/pdfs/Acharya (2018).pdf,04_fulltext/pdfs/Acharya (2018).pdf,Naive Bayes (with PCA),9,1,0,9,10,9,0.9,1.0,n/r,image,fundus,combined criteria,Asia,internal,retrospective,no,confirmed,unspecified,n/r,0.5,Naive Bayes with Haar DWT + GLCM + PCA,n/r,claude_pdf
Ahn (2018),2018,projects/glaucoma-dl-dta-nma/pdfs/Ahn (2018).pdf,04_fulltext/pdfs/Ahn (2018).pdf,ResNet50 Transfer Learning,4731,901,1562,7628,5632,9190,0.84,0.83,0.91 (0.90-0.93),image,fundus,expert ophthalmologist,North America,internal,cross-sectional,no,confirmed,unspecified,56.8,0.38,ResNet50 (ImageNet pretrained),n/r,claude_pdf
Ahn (2022),2022,projects/glaucoma-dl-dta-nma/pdfs/Ahn (2022).pdf,04_fulltext/pdfs/Ahn (2022).pdf,CAM-supported 8-layer CNN (ORIGA-Light),33,1,7,89,34,96,0.9706,0.9271,0.951,image,fundus,expert ophthalmologist,mixed,internal,retrospective,no,confirmed,unspecified,n/r,0.258,8-layer CNN with HE+CLAHE preprocessing and CAM-based XAI,n/r,claude_pdf
Ajesh (2020),2020,projects/glaucoma-dl-dta-nma/pdfs/Ajesh (2020).pdf,04_fulltext/pdfs/Ajesh (2020).pdf,Jaya-CSO + RNN,15,0,1,29,15,30,1.0,0.9667,n/r,image,fundus,other,Asia,internal,retrospective,no,confirmed,unspecified,n/r,0.33,Recurrent Neural Network trained with Jaya-Chicken Swarm Optimization (hybrid optic disc + blood vessel + image-level features),n/r,claude_pdf
Aljohani (2024),2024,projects/glaucoma-dl-dta-nma/pdfs/Aljohani (2024).pdf,04_fulltext/pdfs/Aljohani (2024).pdf,"Hybrid ensemble (RF + ResNet50 + VGG-16, 2/3 voting)",159,21,1,299,180,300,0.8833,0.9967,n/r,image,fundus,other,Asia,internal,retrospective,no,confirmed,unspecified,n/r,0.375,"Ensemble of Random Forest, ResNet50, VGG-16 with 2/3 majority post-processing rule",2/3 majority vote,claude_pdf
An (2019),2019,projects/glaucoma-dl-dta-nma/pdfs/An (2019).pdf,04_fulltext/pdfs/An (2019).pdf,Random forest combining all 5 CNN feature vectors,208,0,31,118,208,149,1.0,0.7919,0.963 (SD 0.029),eye,combined,expert ophthalmologist,Asia,internal,cross-sectional,yes,confirmed,POAG,50.85,0.583,"VGG19 CNN feature extraction + Random Forest (10,000 trees)",sensitivity fixed at 1.0 (detect all glaucoma),claude_pdf
An (2019),2019,projects/glaucoma-dl-dta-nma/pdfs/An (2019).pdf,04_fulltext/pdfs/An (2019).pdf,Random forest using 140 quantified OCT parameters,208,0,106,43,208,149,1.0,0.2886,0.958 (SD 0.030),eye,combined,expert ophthalmologist,Asia,internal,cross-sectional,yes,confirmed,POAG,50.85,0.583,"Random Forest (10,000 trees) on commercial OCT-derived parameters",sensitivity fixed at 1.0 (detect all glaucoma),claude_pdf
An (2021),2021,projects/glaucoma-dl-dta-nma/pdfs/An (2021).pdf,04_fulltext/pdfs/An (2021).pdf,DICNN (RNFL+GCIPL),83,10,3,60,93,63,0.8925,0.9524,0.957 (95% CI 0.943 to 0.966),eye,OCT,expert ophthalmologist,Asia,internal,retrospective,no,confirmed,POAG,n/r,0.595,VGG16-based dual-input CNN,n/r,claude_pdf
An (2021),2021,projects/glaucoma-dl-dta-nma/pdfs/An (2021).pdf,04_fulltext/pdfs/An (2021).pdf,VGG16 (RNFL),87,6,3,60,93,63,0.9355,0.9524,0.978 (95% CI 0.954 to 0.978),eye,OCT,expert ophthalmologist,Asia,internal,retrospective,no,confirmed,POAG,n/r,0.595,VGG16 single-input (RNFL thickness map),n/r,claude_pdf
An (2021),2021,projects/glaucoma-dl-dta-nma/pdfs/An (2021).pdf,04_fulltext/pdfs/An (2021).pdf,VGG16 (GCIPL),77,16,5,58,93,63,0.828,0.9206,0.921 (95% CI 0.861 to 0.921),eye,OCT,expert ophthalmologist,Asia,internal,retrospective,no,confirmed,POAG,n/r,0.595,VGG16 single-input (GCIPL thickness map),n/r,claude_pdf
An (2021),2021,projects/glaucoma-dl-dta-nma/pdfs/An (2021).pdf,04_fulltext/pdfs/An (2021).pdf,Ensemble (VGG16 RNFL + VGG16 GCIPL fused output),81,12,2,61,93,63,0.871,0.9683,0.966 (95% CI 0.943 to 0.972),eye,OCT,expert ophthalmologist,Asia,internal,retrospective,no,confirmed,POAG,n/r,0.595,Fused-output ensemble of VGG16 RNFL and VGG16 GCIPL,n/r,claude_pdf
Asaoka (2019),2019,projects/glaucoma-dl-dta-nma/pdfs/Asaoka (2019).pdf,04_fulltext/pdfs/Asaoka (2019).pdf,Ensemble training deep learning model (NASNet-A),25,1,0,59,26,59,0.9615,1.0,0.990 (95% CI 0.975-1.000),eye,OCT,expert ophthalmologist,Asia,internal,retrospective,no,confirmed,normal-tension,62.5,0.305,"NASNet-A (large) bottleneck features + fully connected softmax classifier; ensemble of GCIPL thickness, GCIPL deviation, RNFL thickness, RNFL deviation maps",Youden index optimal cutoff (probability 0.5 used for FP/FN analysis),claude_pdf
Benhar (2022),2022,projects/glaucoma-dl-dta-nma/pdfs/Benhar (2022).pdf,04_fulltext/pdfs/Benhar (2022).pdf,SVM vessel-centroid (DRISHTI-DB),70,0,1,30,70,31,1.0,0.9677,n/r,image,fundus,expert ophthalmologist,mixed,internal,retrospective,no,screening,POAG,n/r,0.69,SVM (RBF kernel) on vessel-centroid NRR/ISNT features,n/r,claude_pdf
Berdahl (2021),2021,projects/glaucoma-dl-dta-nma/pdfs/Berdahl (2021).pdf,04_fulltext/pdfs/Berdahl (2021).pdf,Laguna ONhE GDF + TCV (hybrid AI + perimetry),315,18,5,472,333,477,0.9459,0.9895,0.995 (confirmed) / 0.935 (suspected); 0.978 (0.965-0.987) total,eye,fundus,structural+functional,Europe,internal,cross-sectional,yes,mixed,POAG,52.4,0.411,ResNet50-based Laguna ONhE GDF combined with perimetric threshold coefficient of variation (TCV),"99% specificity; sensitivity 94.5% for confirmed glaucoma, 45.9% for suspected glaucoma",claude_pdf
Bhadoria (2021),2021,projects/glaucoma-dl-dta-nma/pdfs/Bhadoria (2021).pdf,04_fulltext/pdfs/Bhadoria (2021).pdf,ANN,67,3,1,69,70,70,0.9571,0.9857,n/r,image,fundus,other,Asia,internal,retrospective,no,confirmed,unspecified,n/r,0.5,"Artificial Neural Network (MLP, 20-12-2)",n/r,claude_pdf
Bhadoria (2021),2021,projects/glaucoma-dl-dta-nma/pdfs/Bhadoria (2021).pdf,04_fulltext/pdfs/Bhadoria (2021).pdf,SVM,69,1,3,67,70,70,0.9857,0.9571,n/r,image,fundus,other,Asia,internal,retrospective,no,confirmed,unspecified,n/r,0.5,Support Vector Machine,n/r,claude_pdf
Bhadoria (2021),2021,projects/glaucoma-dl-dta-nma/pdfs/Bhadoria (2021).pdf,04_fulltext/pdfs/Bhadoria (2021).pdf,KNN,63,7,6,64,70,70,0.9,0.9143,n/r,image,fundus,other,Asia,internal,retrospective,no,confirmed,unspecified,n/r,0.5,K-Nearest Neighbors,n/r,claude_pdf
Bhadoria (2021),2021,projects/glaucoma-dl-dta-nma/pdfs/Bhadoria (2021).pdf,04_fulltext/pdfs/Bhadoria (2021).pdf,Naive Bayes,67,3,4,66,70,70,0.9571,0.9429,n/r,image,fundus,other,Asia,internal,retrospective,no,confirmed,unspecified,n/r,0.5,Naive Bayes Classifier,n/r,claude_pdf
Bhatia (2025),2025,projects/glaucoma-dl-dta-nma/pdfs/Bhatia (2025).pdf,04_fulltext/pdfs/Bhatia (2025).pdf,SVM (CDR + stereo depth),242,8,4,246,250,250,0.968,0.984,n/r,image,fundus,combined criteria,North America,internal,retrospective,no,confirmed,unspecified,n/r,0.5,SVM with RBF kernel on CDR + disparity-based depth features,n/r,claude_pdf
Bhuiyan (2021),2021,projects/glaucoma-dl-dta-nma/pdfs/Bhuiyan (2021).pdf,04_fulltext/pdfs/Bhuiyan (2021).pdf,Ensemble DL (Xception+Inception-ResNet-V2+NasNet+Inception-V3) + Logistic Model Tree,149,37,68,384,186,452,0.8011,0.8496,0.85 (0.81 to 0.90),image,fundus,combined criteria,mixed,external,cross-sectional,yes,screening,unspecified,n/r,0.291,"Ensemble of 5 CNNs (Xception x2, Inception-Resnet-V2, NasNet, Inception-V3) with Logistic Model Tree classifier",vertical CDR > 0.5,claude_pdf
Cao (2023),2023,projects/glaucoma-dl-dta-nma/pdfs/Cao (2023).pdf,04_fulltext/pdfs/Cao (2023).pdf,AI fundus screening system (Kangrui),36,19,38,544,55,582,0.6545,0.9347,>0.8,image,fundus,expert ophthalmologist,Asia,external,cross-sectional,yes,referable,mixed,48.18,0.0863,transfer learning-based CNN (CFP),n/r,claude_pdf
Chai (2018),2018,projects/glaucoma-dl-dta-nma/pdfs/Chai (2018).pdf,04_fulltext/pdfs/Chai (2018).pdf,MB-NN,945,78,139,1392,1023,1531,0.9238,0.9092,n/r,image,fundus,expert ophthalmologist,Asia,internal,retrospective,no,confirmed,unspecified,n/r,0.4006,"Multi-branch neural network (CNN + CNN + FC, with domain knowledge features)",n/r,claude_pdf
Chai (2018),2018,projects/glaucoma-dl-dta-nma/pdfs/Chai (2018).pdf,04_fulltext/pdfs/Chai (2018).pdf,LR-LBP,638,385,608,923,1023,1531,0.6237,0.6029,n/r,image,fundus,expert ophthalmologist,Asia,internal,retrospective,no,confirmed,unspecified,n/r,0.4006,Logistic regression on rotation-invariant local binary pattern features,n/r,claude_pdf
Chai (2018),2018,projects/glaucoma-dl-dta-nma/pdfs/Chai (2018).pdf,04_fulltext/pdfs/Chai (2018).pdf,LR-HOS,597,426,627,904,1023,1531,0.5836,0.5905,n/r,image,fundus,expert ophthalmologist,Asia,internal,retrospective,no,confirmed,unspecified,n/r,0.4006,Logistic regression on higher order spectra features,n/r,claude_pdf
Chai (2018),2018,projects/glaucoma-dl-dta-nma/pdfs/Chai (2018).pdf,04_fulltext/pdfs/Chai (2018).pdf,LR-DWT,629,394,565,966,1023,1531,0.6149,0.631,n/r,image,fundus,expert ophthalmologist,Asia,internal,retrospective,no,confirmed,unspecified,n/r,0.4006,Logistic regression on discrete wavelet transform features,n/r,claude_pdf
Chai (2018),2018,projects/glaucoma-dl-dta-nma/pdfs/Chai (2018).pdf,04_fulltext/pdfs/Chai (2018).pdf,LR-SIFT,635,388,620,911,1023,1531,0.6207,0.595,n/r,image,fundus,expert ophthalmologist,Asia,internal,retrospective,no,confirmed,unspecified,n/r,0.4006,Logistic regression on scale-invariant feature transform features,n/r,claude_pdf
Chai (2018),2018,projects/glaucoma-dl-dta-nma/pdfs/Chai (2018).pdf,04_fulltext/pdfs/Chai (2018).pdf,AlexNet,759,264,363,1168,1023,1531,0.7419,0.7629,n/r,image,fundus,expert ophthalmologist,Asia,internal,retrospective,no,confirmed,unspecified,n/r,0.4006,AlexNet CNN,n/r,claude_pdf
Chai (2018),2018,projects/glaucoma-dl-dta-nma/pdfs/Chai (2018).pdf,04_fulltext/pdfs/Chai (2018).pdf,VGG16,781,242,301,1230,1023,1531,0.7634,0.8034,n/r,image,fundus,expert ophthalmologist,Asia,internal,retrospective,no,confirmed,unspecified,n/r,0.4006,VGG16 CNN,n/r,claude_pdf
Chai (2018),2018,projects/glaucoma-dl-dta-nma/pdfs/Chai (2018).pdf,04_fulltext/pdfs/Chai (2018).pdf,Inception_v3,795,228,335,1196,1023,1531,0.7771,0.7812,n/r,image,fundus,expert ophthalmologist,Asia,internal,retrospective,no,confirmed,unspecified,n/r,0.4006,Inception v3 CNN,n/r,claude_pdf
Chai (2018),2018,projects/glaucoma-dl-dta-nma/pdfs/Chai (2018).pdf,04_fulltext/pdfs/Chai (2018).pdf,CNN (Raghavendra et al.),729,294,458,1073,1023,1531,0.7126,0.7008,n/r,image,fundus,expert ophthalmologist,Asia,internal,retrospective,no,confirmed,unspecified,n/r,0.4006,Eighteen-layer CNN (Raghavendra 2018),n/r,claude_pdf
Chakrabarty (2016),2016,projects/glaucoma-dl-dta-nma/pdfs/Chakrabarty (2016).pdf,04_fulltext/pdfs/Chakrabarty (2016).pdf,Automated System (cascade-forward neural network),121,48,41,104,169,145,0.716,0.7172,0.792,eye,fundus,expert ophthalmologist,Asia,external,cross-sectional,no,referable,unspecified,n/r,0.538,"Cascade-forward neural network with topographic ONH features (CDR, cup/disc area ratio, PPA, RNFL defect, optic disc structural clustering, cup symmetry)",Selected to match average specialist sensitivity (0.716),claude_pdf
Chakrabarty (2016),2016,projects/glaucoma-dl-dta-nma/pdfs/Chakrabarty (2016).pdf,04_fulltext/pdfs/Chakrabarty (2016).pdf,"Specialist-A (glaucoma specialist, image-based grading)",117,52,22,123,169,145,0.6923,0.8483,n/r,eye,fundus,expert ophthalmologist,Asia,external,cross-sectional,no,referable,unspecified,n/r,0.538,,n/r,claude_pdf
Chakrabarty (2016),2016,projects/glaucoma-dl-dta-nma/pdfs/Chakrabarty (2016).pdf,04_fulltext/pdfs/Chakrabarty (2016).pdf,"Specialist-B (glaucoma specialist, image-based grading)",127,42,28,117,169,145,0.7515,0.8069,n/r,eye,fundus,expert ophthalmologist,Asia,external,cross-sectional,no,referable,unspecified,n/r,0.538,,n/r,claude_pdf
Chakrabarty (2016),2016,projects/glaucoma-dl-dta-nma/pdfs/Chakrabarty (2016).pdf,04_fulltext/pdfs/Chakrabarty (2016).pdf,"Specialist-C (glaucoma specialist, image-based grading)",118,51,21,124,169,145,0.6982,0.8552,n/r,eye,fundus,expert ophthalmologist,Asia,external,cross-sectional,no,referable,unspecified,n/r,0.538,,n/r,claude_pdf
Chakrabarty (2016),2016,projects/glaucoma-dl-dta-nma/pdfs/Chakrabarty (2016).pdf,04_fulltext/pdfs/Chakrabarty (2016).pdf,"Specialist-D (glaucoma specialist, image-based grading)",130,39,26,119,169,145,0.7692,0.8207,n/r,eye,fundus,expert ophthalmologist,Asia,external,cross-sectional,no,referable,unspecified,n/r,0.538,,n/r,claude_pdf
Chen (2025),2025,projects/glaucoma-dl-dta-nma/pdfs/Chen (2025).pdf,04_fulltext/pdfs/Chen (2025).pdf,TVGH-Original,92,16,17,214,108,231,0.8519,0.9264,0.960 (0.936-0.978),image,fundus,structural+functional,Asia,external,retrospective,no,confirmed,unspecified,n/r,0.366,"EfficientNetV2-M (baseline, no preprocessing)",Youden index (sens >=80% constraint),claude_pdf
Chen (2025),2025,projects/glaucoma-dl-dta-nma/pdfs/Chen (2025).pdf,04_fulltext/pdfs/Chen (2025).pdf,TVGH-Green Channel,86,22,15,216,108,231,0.7963,0.9351,0.968 (0.950-0.983),image,fundus,structural+functional,Asia,external,retrospective,no,confirmed,unspecified,n/r,0.366,EfficientNetV2-M with green-channel extraction,Youden index (sens >=80% constraint),claude_pdf
Chen (2025),2025,projects/glaucoma-dl-dta-nma/pdfs/Chen (2025).pdf,04_fulltext/pdfs/Chen (2025).pdf,TVGH-Preprocessing,102,6,39,192,108,231,0.9444,0.8312,0.959 (0.937-0.977),image,fundus,structural+functional,Asia,external,retrospective,no,confirmed,unspecified,n/r,0.366,EfficientNetV2-M with green-channel + CLAHE + unsharp masking,Youden index (sens >=80% constraint),claude_pdf
Chen (2025),2025,projects/glaucoma-dl-dta-nma/pdfs/Chen (2025).pdf,04_fulltext/pdfs/Chen (2025).pdf,TVGH-Segmentation,100,8,41,190,108,231,0.9259,0.8225,0.941 (0.911-0.967),image,fundus,structural+functional,Asia,external,retrospective,no,confirmed,unspecified,n/r,0.366,EfficientNetV2-M classifier + DeepLabV3+ (MobileNet-V2) ROI segmentation,Youden index (sens >=80% constraint),claude_pdf
Chen (2025),2025,projects/glaucoma-dl-dta-nma/pdfs/Chen (2025).pdf,04_fulltext/pdfs/Chen (2025).pdf,TVGH-Weighted,101,7,38,193,108,231,0.9352,0.8355,0.963 (0.942-0.980),image,fundus,structural+functional,Asia,external,retrospective,no,confirmed,unspecified,n/r,0.366,EfficientNetV2-M classifier + DeepLabV3+ weighted ROI (50% down-weight outside ROI),Youden index (sens >=80% constraint),claude_pdf
Cho (2024),2024,projects/glaucoma-dl-dta-nma/pdfs/Cho (2024).pdf,04_fulltext/pdfs/Cho (2024).pdf,Attention-based multi-input CNN (ResU-Net + Hough),70,2,10,62,72,72,0.9722,0.8611,0.91,image,fundus,expert ophthalmologist,Asia,internal,cross-sectional,no,confirmed,unspecified,n/r,0.5,CNN multi-input with attention (ResU-Net vessel + Hough optic disc + preprocessed fundus),n/r,claude_pdf
Christopher (2022),2022,projects/glaucoma-dl-dta-nma/pdfs/Christopher (2022).pdf,04_fulltext/pdfs/Christopher (2022).pdf,3D CNN (Stanford test),390,63,53,188,453,241,0.8609,0.7801,0.91 (95% CI 0.90-0.92),image,OCT,combined criteria,mixed,external,retrospective,yes,confirmed,unspecified,n/r,n/r,3D DenseNet-style CNN (De Fauw-like),max F2 on validation set,claude_pdf
Christopher (2022),2022,projects/glaucoma-dl-dta-nma/pdfs/Christopher (2022).pdf,04_fulltext/pdfs/Christopher (2022).pdf,3D CNN (Hong Kong),700,259,180,486,959,666,0.7299,0.7297,0.80 (95% CI 0.78-0.82),image,OCT,combined criteria,mixed,external,retrospective,yes,confirmed,unspecified,n/r,n/r,3D DenseNet-style CNN (De Fauw-like),max F2 on validation set,claude_pdf
Christopher (2022),2022,projects/glaucoma-dl-dta-nma/pdfs/Christopher (2022).pdf,04_fulltext/pdfs/Christopher (2022).pdf,3D CNN (India),429,32,61,150,461,211,0.9306,0.7109,0.94 (95% CI 0.93-0.96),image,OCT,combined criteria,mixed,external,retrospective,yes,confirmed,unspecified,n/r,n/r,3D DenseNet-style CNN (De Fauw-like),max F2 on validation set,claude_pdf
Christopher (2022),2022,projects/glaucoma-dl-dta-nma/pdfs/Christopher (2022).pdf,04_fulltext/pdfs/Christopher (2022).pdf,3D CNN (Nepal),175,47,33,125,222,158,0.7883,0.7911,0.87 (95% CI 0.85-0.90),image,OCT,combined criteria,mixed,external,retrospective,yes,confirmed,unspecified,n/r,n/r,3D DenseNet-style CNN (De Fauw-like),max F2 on validation set,claude_pdf
Christopher (2026),2026,projects/glaucoma-dl-dta-nma/pdfs/Christopher (2026).pdf,04_fulltext/pdfs/Christopher (2026).pdf,RETFound CFP unimodal,1178,1328,81,1535,2506,1616,0.4701,0.9499,0.86 (0.81-0.89),image,combined,expert ophthalmologist,North America,internal,retrospective,no,confirmed,unspecified,60.3,0.608,"RETFound (SSL foundation model, ViT) fine-tuned on CFP",95% specificity,claude_pdf
Christopher (2026),2026,projects/glaucoma-dl-dta-nma/pdfs/Christopher (2026).pdf,04_fulltext/pdfs/Christopher (2026).pdf,RETFound OCT unimodal,2256,1269,114,2158,3525,2272,0.64,0.9498,0.93 (0.90-0.96),image,combined,expert ophthalmologist,North America,internal,retrospective,no,confirmed,unspecified,60.3,0.608,"RETFound (SSL foundation model, ViT) fine-tuned on OCT",95% specificity,claude_pdf
Christopher (2026),2026,projects/glaucoma-dl-dta-nma/pdfs/Christopher (2026).pdf,04_fulltext/pdfs/Christopher (2026).pdf,RETFound multimodal CFP+OCT,8170,3501,376,7149,11671,7525,0.7,0.95,0.94 (0.91-0.97),image,combined,expert ophthalmologist,North America,internal,retrospective,no,confirmed,unspecified,60.3,0.608,RETFound multimodal (concatenated CFP+OCT feature embeddings with fully connected classifier),95% specificity,claude_pdf
Diaz-Pinto (2019),2019,projects/glaucoma-dl-dta-nma/pdfs/Diaz-Pinto (2019).pdf,04_fulltext/pdfs/Diaz-Pinto (2019).pdf,VGG19 (transfer learning),108,16,50,405,124,455,0.871,0.8901,0.942,image,fundus,expert ophthalmologist,Europe,internal,retrospective,no,screening,unspecified,n/r,0.214,VGG19 with ImageNet transfer learning + fine-tuning,Youden index,claude_pdf
Diaz-Pinto (2019),2019,projects/glaucoma-dl-dta-nma/pdfs/Diaz-Pinto (2019).pdf,04_fulltext/pdfs/Diaz-Pinto (2019).pdf,VGG19 (full training),102,22,60,395,124,455,0.8226,0.8681,0.8971,image,fundus,expert ophthalmologist,Europe,internal,retrospective,no,screening,unspecified,n/r,0.214,VGG19 trained from scratch,Youden index,claude_pdf
Diaz-Pinto (2019),2019,projects/glaucoma-dl-dta-nma/pdfs/Diaz-Pinto (2019).pdf,04_fulltext/pdfs/Diaz-Pinto (2019).pdf,ResNet50 (transfer learning),114,10,91,364,124,455,0.9194,0.8,0.93,image,fundus,expert ophthalmologist,Europe,internal,retrospective,no,screening,unspecified,n/r,0.214,ResNet50 with ImageNet transfer learning + fine-tuning,Youden index,claude_pdf
Diaz-Pinto (2019),2019,projects/glaucoma-dl-dta-nma/pdfs/Diaz-Pinto (2019).pdf,04_fulltext/pdfs/Diaz-Pinto (2019).pdf,ResNet50 (full training),104,20,63,392,124,455,0.8387,0.8615,0.9193,image,fundus,expert ophthalmologist,Europe,internal,retrospective,no,screening,unspecified,n/r,0.214,ResNet50 trained from scratch,Youden index,claude_pdf
Diaz-Pinto (2019),2019,projects/glaucoma-dl-dta-nma/pdfs/Diaz-Pinto (2019).pdf,04_fulltext/pdfs/Diaz-Pinto (2019).pdf,GoogLeNet (transfer learning),104,20,83,372,124,455,0.8387,0.8176,0.8994,image,fundus,expert ophthalmologist,Europe,internal,retrospective,no,screening,unspecified,n/r,0.214,GoogLeNet (Inception) with ImageNet transfer learning + fine-tuning,Youden index,claude_pdf
Diaz-Pinto (2019),2019,projects/glaucoma-dl-dta-nma/pdfs/Diaz-Pinto (2019).pdf,04_fulltext/pdfs/Diaz-Pinto (2019).pdf,GoogLeNet (full training),105,19,58,397,124,455,0.8468,0.8725,0.9269,image,fundus,expert ophthalmologist,Europe,internal,retrospective,no,screening,unspecified,n/r,0.214,GoogLeNet (Inception) trained from scratch,Youden index,claude_pdf
Diaz-Pinto (2019),2019,projects/glaucoma-dl-dta-nma/pdfs/Diaz-Pinto (2019).pdf,04_fulltext/pdfs/Diaz-Pinto (2019).pdf,DENet Disc (transfer learning),97,27,41,414,124,455,0.7823,0.9099,0.9142,image,fundus,expert ophthalmologist,Europe,internal,retrospective,no,screening,unspecified,n/r,0.214,DENet Disc (ResNet-based) with ORIGA pre-training + fine-tuning,Youden index,claude_pdf
Diaz-Pinto (2019),2019,projects/glaucoma-dl-dta-nma/pdfs/Diaz-Pinto (2019).pdf,04_fulltext/pdfs/Diaz-Pinto (2019).pdf,DENet Disc (full training),98,26,113,342,124,455,0.7903,0.7516,0.8371,image,fundus,expert ophthalmologist,Europe,internal,retrospective,no,screening,unspecified,n/r,0.214,DENet Disc trained from scratch,Youden index,claude_pdf
Diaz-Pinto (2019),2019,projects/glaucoma-dl-dta-nma/pdfs/Diaz-Pinto (2019).pdf,04_fulltext/pdfs/Diaz-Pinto (2019).pdf,Standard CNN (custom 15-layer),98,26,59,396,124,455,0.7903,0.8703,0.8969,image,fundus,expert ophthalmologist,Europe,internal,retrospective,no,screening,unspecified,n/r,0.214,Custom 15-layer CNN trained from scratch,Youden index,claude_pdf
Diaz-Pinto (2019),2019,projects/glaucoma-dl-dta-nma/pdfs/Diaz-Pinto (2019).pdf,04_fulltext/pdfs/Diaz-Pinto (2019).pdf,Expert ophthalmologists (>5 yrs experience),123,37,188,1547,160,1735,0.7688,0.8916,n/r,image,fundus,expert ophthalmologist,Europe,internal,retrospective,no,screening,unspecified,n/r,0.214,,n/r,claude_pdf
Diaz-Pinto (2019),2019,projects/glaucoma-dl-dta-nma/pdfs/Diaz-Pinto (2019).pdf,04_fulltext/pdfs/Diaz-Pinto (2019).pdf,Non-expert ophthalmologists,94,66,242,1493,160,1735,0.5875,0.8605,n/r,image,fundus,expert ophthalmologist,Europe,internal,retrospective,no,screening,unspecified,n/r,0.214,,n/r,claude_pdf
Dong (2023),2023,projects/glaucoma-dl-dta-nma/pdfs/Dong (2023).pdf,04_fulltext/pdfs/Dong (2023).pdf,VGG-16 Texture-based en face image,283,180,6,124,463,130,0.6112,0.9538,"0.83 (0.79, 0.86)",eye,OCT,structural+functional,North America,internal,cross-sectional,no,confirmed,POAG,56.3,0.781,"VGG-16 CNN (single-modal, texture en face)",95% specificity,claude_pdf
Dong (2023),2023,projects/glaucoma-dl-dta-nma/pdfs/Dong (2023).pdf,04_fulltext/pdfs/Dong (2023).pdf,VGG-16 RNFL thickness map,289,174,6,124,463,130,0.6242,0.9538,"0.84 (0.81, 0.87)",eye,OCT,structural+functional,North America,internal,cross-sectional,no,confirmed,POAG,56.3,0.781,"VGG-16 CNN (single-modal, RNFL thickness map)",95% specificity,claude_pdf
Dong (2023),2023,projects/glaucoma-dl-dta-nma/pdfs/Dong (2023).pdf,04_fulltext/pdfs/Dong (2023).pdf,VGG-16 SLO image,215,248,6,124,463,130,0.4644,0.9538,"0.68 (0.61, 0.74)",eye,OCT,structural+functional,North America,internal,cross-sectional,no,confirmed,POAG,56.3,0.781,"VGG-16 CNN (single-modal, cSLO image)",95% specificity,claude_pdf
Dong (2023),2023,projects/glaucoma-dl-dta-nma/pdfs/Dong (2023).pdf,04_fulltext/pdfs/Dong (2023).pdf,Multimodal VGG-16 Texture + RNFL,323,140,6,124,463,130,0.6976,0.9538,"0.89 (0.86, 0.92)",eye,OCT,structural+functional,North America,internal,cross-sectional,no,confirmed,POAG,56.3,0.781,Multimodal VGG-16 CNN (texture en face + RNFL thickness),95% specificity,claude_pdf
Dong (2023),2023,projects/glaucoma-dl-dta-nma/pdfs/Dong (2023).pdf,04_fulltext/pdfs/Dong (2023).pdf,Multimodal VGG-16 RNFL + SLO,296,167,6,124,463,130,0.6393,0.9538,"0.85 (0.84, 0.87)",eye,OCT,structural+functional,North America,internal,cross-sectional,no,confirmed,POAG,56.3,0.781,Multimodal VGG-16 CNN (RNFL thickness + SLO),95% specificity,claude_pdf
Dong (2023),2023,projects/glaucoma-dl-dta-nma/pdfs/Dong (2023).pdf,04_fulltext/pdfs/Dong (2023).pdf,Multimodal VGG-16 Texture + SLO,291,172,6,124,463,130,0.6285,0.9538,"0.85 (0.83, 0.87)",eye,OCT,structural+functional,North America,internal,cross-sectional,no,confirmed,POAG,56.3,0.781,Multimodal VGG-16 CNN (texture en face + SLO),95% specificity,claude_pdf
Dong (2023),2023,projects/glaucoma-dl-dta-nma/pdfs/Dong (2023).pdf,04_fulltext/pdfs/Dong (2023).pdf,Multimodal VGG-16 Texture + RNFL + SLO,329,134,6,124,463,130,0.7106,0.9538,"0.91 (0.87, 0.95)",eye,OCT,structural+functional,North America,internal,cross-sectional,no,confirmed,POAG,56.3,0.781,Multimodal VGG-16 CNN (texture en face + RNFL thickness + SLO),95% specificity,claude_pdf
Elangovan (2022),2022,projects/glaucoma-dl-dta-nma/pdfs/Elangovan (2022).pdf,04_fulltext/pdfs/Elangovan (2022).pdf,En-ConvNet ensemble (DRISHTI-GS1-R),513,0,67,433,513,500,1.0,0.866,n/r,image,fundus,expert ophthalmologist,mixed,internal,retrospective,no,confirmed,unspecified,n/r,n/r,Stacking ensemble of Xception + VGG-16 + Resnet-50 with SVM meta-classifier,n/r,claude_pdf
Elangovan (2022),2022,projects/glaucoma-dl-dta-nma/pdfs/Elangovan (2022).pdf,04_fulltext/pdfs/Elangovan (2022).pdf,En-ConvNet ensemble (ORIGA-R),368,142,110,615,510,725,0.7216,0.8483,n/r,image,fundus,expert ophthalmologist,mixed,internal,retrospective,no,confirmed,unspecified,n/r,n/r,Stacking ensemble of Googlenet + VGG-16 + VGG-19 with SVM meta-classifier,n/r,claude_pdf
Elangovan (2022),2022,projects/glaucoma-dl-dta-nma/pdfs/Elangovan (2022).pdf,04_fulltext/pdfs/Elangovan (2022).pdf,En-ConvNet ensemble (RIM-ONE2-R),275,25,34,346,300,380,0.9167,0.9105,n/r,image,fundus,expert ophthalmologist,mixed,internal,retrospective,no,confirmed,unspecified,n/r,n/r,Stacking ensemble of Resnet-50 + VGG-19 + Densenet-201 with SVM meta-classifier,n/r,claude_pdf
Elangovan (2022),2022,projects/glaucoma-dl-dta-nma/pdfs/Elangovan (2022).pdf,04_fulltext/pdfs/Elangovan (2022).pdf,En-ConvNet ensemble (ACRIMA-R),1180,10,2,928,1190,930,0.9916,0.9978,n/r,image,fundus,expert ophthalmologist,mixed,internal,retrospective,no,confirmed,unspecified,n/r,n/r,Stacking ensemble of Resnet-101 + Densenet-201 + Inception-v3 with SVM meta-classifier,n/r,claude_pdf
Elangovan (2022),2022,projects/glaucoma-dl-dta-nma/pdfs/Elangovan (2022).pdf,04_fulltext/pdfs/Elangovan (2022).pdf,En-ConvNet ensemble (LAG-R),1022,5,3,940,1027,943,0.9951,0.9968,n/r,image,fundus,expert ophthalmologist,mixed,internal,retrospective,no,confirmed,unspecified,n/r,n/r,Stacking ensemble of Resnet-18 + Resnet-101 + Densenet-201 with SVM meta-classifier,n/r,claude_pdf
Elangovan (2025),2025,projects/glaucoma-dl-dta-nma/pdfs/Elangovan (2025).pdf,04_fulltext/pdfs/Elangovan (2025).pdf,ViT + ResNet50,1034,90,262,1488,1124,1750,0.9199,0.8503,n/r,image,fundus,other,mixed,internal,retrospective,no,confirmed,unspecified,n/r,0.391,Vision Transformer + ResNet50 hybrid,0.5,claude_pdf
Elangovan (2025),2025,projects/glaucoma-dl-dta-nma/pdfs/Elangovan (2025).pdf,04_fulltext/pdfs/Elangovan (2025).pdf,OWL-ViT + ResNet50,1111,13,5,1745,1124,1750,0.9884,0.9971,n/r,image,fundus,other,mixed,internal,retrospective,no,confirmed,unspecified,n/r,0.391,OWL-ViT + ResNet50 hybrid,0.5,claude_pdf
Elangovan (2025),2025,projects/glaucoma-dl-dta-nma/pdfs/Elangovan (2025).pdf,04_fulltext/pdfs/Elangovan (2025).pdf,Swin Transformer + ResNet50 (multi-modal fusion),1111,9,8,1746,1120,1754,0.992,0.9954,n/r,image,fundus,other,mixed,internal,retrospective,no,confirmed,unspecified,n/r,0.391,Swin Transformer + ResNet50 + Random Forest (clinical biomarkers) fusion,0.5,claude_pdf
Eswari (2024),2024,projects/glaucoma-dl-dta-nma/pdfs/Eswari (2024).pdf,04_fulltext/pdfs/Eswari (2024).pdf,FRCNN,393,32,72,968,425,1040,0.9247,0.9308,n/r,image,fundus,other,Europe,internal,retrospective,no,screening,unspecified,n/r,0.29,Faster R-CNN,0.3,claude_pdf
Eswari (2024),2024,projects/glaucoma-dl-dta-nma/pdfs/Eswari (2024).pdf,04_fulltext/pdfs/Eswari (2024).pdf,AFRCNN,397,28,61,979,425,1040,0.9341,0.9413,n/r,image,fundus,other,Europe,internal,retrospective,no,screening,unspecified,n/r,0.29,Adaptive gradient algorithm optimizer Faster R-CNN,0.3,claude_pdf
Eswari (2024),2024,projects/glaucoma-dl-dta-nma/pdfs/Eswari (2024).pdf,04_fulltext/pdfs/Eswari (2024).pdf,SVM,396,29,62,978,425,1040,0.9318,0.9404,n/r,image,fundus,other,Europe,internal,retrospective,no,screening,unspecified,n/r,0.29,Support Vector Machine (RBF kernel) within FRCNN,0.3,claude_pdf
Eswari (2024),2024,projects/glaucoma-dl-dta-nma/pdfs/Eswari (2024).pdf,04_fulltext/pdfs/Eswari (2024).pdf,AAASVM,399,26,55,985,425,1040,0.9388,0.9471,"0.87 (average of 0.90 G1020, 0.85 HRF, 0.87 DRIVE)",image,fundus,other,Europe,internal,retrospective,no,screening,unspecified,n/r,0.29,Artificial Algae Algorithm-optimized SVM within FRCNN (TernausNet segmentation),0.3,claude_pdf
Fan (2022),2022,projects/glaucoma-dl-dta-nma/pdfs/Fan (2022).pdf,04_fulltext/pdfs/Fan (2022).pdf,"POAGNet (Siamese, DenseNet-201 backbone)",357,121,364,5925,478,6289,0.7469,0.9421,0.9587,image,fundus,expert ophthalmologist,mixed,internal,cross-sectional,no,confirmed,POAG,n/r,0.062,Siamese DenseNet-201 with side output + convolutional similarity,n/r,claude_pdf
Fan (2022),2022,projects/glaucoma-dl-dta-nma/pdfs/Fan (2022).pdf,04_fulltext/pdfs/Fan (2022).pdf,DenseNet-201 (single image),349,129,382,5907,478,6289,0.7301,0.9393,0.875,image,fundus,expert ophthalmologist,mixed,internal,cross-sectional,no,confirmed,POAG,n/r,0.062,DenseNet-201,n/r,claude_pdf
Fan (2022),2022,projects/glaucoma-dl-dta-nma/pdfs/Fan (2022).pdf,04_fulltext/pdfs/Fan (2022).pdf,EfficientNetB0 (single image),242,236,504,5785,478,6289,0.5063,0.9199,0.8379,image,fundus,expert ophthalmologist,mixed,internal,cross-sectional,no,confirmed,POAG,n/r,0.062,EfficientNetB0,n/r,claude_pdf
Fan (2022),2022,projects/glaucoma-dl-dta-nma/pdfs/Fan (2022).pdf,04_fulltext/pdfs/Fan (2022).pdf,MobileNetV2 (single image; Thakur et al replication),360,118,1624,4665,478,6289,0.7531,0.7418,0.8124,image,fundus,expert ophthalmologist,mixed,internal,cross-sectional,no,confirmed,POAG,n/r,0.062,MobileNetV2,n/r,claude_pdf
Fan (2022),2022,projects/glaucoma-dl-dta-nma/pdfs/Fan (2022).pdf,04_fulltext/pdfs/Fan (2022).pdf,ResNet-50 (single image; Fan et al replication),326,152,758,5531,478,6289,0.682,0.8795,0.865,image,fundus,expert ophthalmologist,mixed,internal,cross-sectional,no,confirmed,POAG,n/r,0.062,ResNet-50,n/r,claude_pdf
Fan (2022),2022,projects/glaucoma-dl-dta-nma/pdfs/Fan (2022).pdf,04_fulltext/pdfs/Fan (2022).pdf,POAGNet (absolute distance),327,151,478,5811,478,6289,0.6841,0.924,0.9075,image,fundus,expert ophthalmologist,mixed,internal,cross-sectional,no,confirmed,POAG,n/r,0.062,Siamese DenseNet-201 with absolute distance,n/r,claude_pdf
Fan (2022),2022,projects/glaucoma-dl-dta-nma/pdfs/Fan (2022).pdf,04_fulltext/pdfs/Fan (2022).pdf,POAGNet (w/o side output),373,105,532,5757,478,6289,0.7803,0.9154,0.9236,image,fundus,expert ophthalmologist,mixed,internal,cross-sectional,no,confirmed,POAG,n/r,0.062,Siamese DenseNet-201 without deep supervision,n/r,claude_pdf
Flores (2025),2025,projects/glaucoma-dl-dta-nma/pdfs/Flores (2025).pdf,04_fulltext/pdfs/Flores (2025).pdf,retinIA (Inception V3 + U-Net CDR),29,17,11,188,46,199,0.6304,0.9447,0.848,patient,fundus,expert ophthalmologist,North America,external,prospective,yes,screening,unspecified,59.1,0.188,Inception V3 multi-output classifier + U-Net optic disc/cup segmentation,CDR >= 0.55 (max F1),claude_pdf
Flores (2025),2025,projects/glaucoma-dl-dta-nma/pdfs/Flores (2025).pdf,04_fulltext/pdfs/Flores (2025).pdf,First-year ophthalmology residents,23,23,19,180,46,199,0.5,0.9045,0.801,patient,fundus,expert ophthalmologist,North America,external,prospective,yes,screening,unspecified,59.1,0.188,,clinical diagnosis,claude_pdf
Flores (2025),2025,projects/glaucoma-dl-dta-nma/pdfs/Flores (2025).pdf,04_fulltext/pdfs/Flores (2025).pdf,Synergistic (AI OR resident),37,9,27,172,46,199,0.8043,0.8643,0.898,patient,fundus,expert ophthalmologist,North America,external,prospective,yes,screening,unspecified,59.1,0.188,Inception V3 + U-Net combined with resident assessment (OR rule),either AI (CDR>=0.55) or resident positive,claude_pdf
Gaddipati (2022),2022,projects/glaucoma-dl-dta-nma/pdfs/Gaddipati (2022).pdf,04_fulltext/pdfs/Gaddipati (2022).pdf,Fefu model (Fundus + Fundus-to-OCT mapped features),154,16,49,349,170,398,0.9059,0.8769,0.9429,image,fundus,expert ophthalmologist,Asia,internal,retrospective,no,confirmed,unspecified,n/r,0.299,VGG-19 dual-branch (Ff + Ff-o) with CGAN mapping and FCN fusion,Youden index optimum,claude_pdf
Gaddipati (2022),2022,projects/glaucoma-dl-dta-nma/pdfs/Gaddipati (2022).pdf,04_fulltext/pdfs/Gaddipati (2022).pdf,Ff-o only (Fundus-to-OCT mapped features),150,20,59,339,170,398,0.8824,0.8518,0.924,image,fundus,expert ophthalmologist,Asia,internal,retrospective,no,confirmed,unspecified,n/r,0.299,VGG-19 trained on CGAN-generated OCT-mapped feature soft labels,Youden index optimum,claude_pdf
Gaddipati (2022),2022,projects/glaucoma-dl-dta-nma/pdfs/Gaddipati (2022).pdf,04_fulltext/pdfs/Gaddipati (2022).pdf,Ff only (Fundus-specific features),146,24,82,316,170,398,0.8588,0.794,0.8882,image,fundus,expert ophthalmologist,Asia,internal,retrospective,no,confirmed,unspecified,n/r,0.299,VGG-19 fine-tuned on fundus images,Youden index optimum,claude_pdf
Govindharaj (2025),2025,projects/glaucoma-dl-dta-nma/pdfs/Govindharaj (2025).pdf,04_fulltext/pdfs/Govindharaj (2025).pdf,GWOA-UNet++ + CapsNet,32,2,6,90,34,96,0.9412,0.9375,n/r,image,fundus,expert ophthalmologist,Asia,internal,cross-sectional,no,confirmed,unspecified,n/r,0.258,U-Net++ (Grey Wolf Optimized) for segmentation + Capsule Network (CapsNet) for classification,n/r,claude_pdf
Gupta (2023),2023,projects/glaucoma-dl-dta-nma/pdfs/Gupta (2023).pdf,04_fulltext/pdfs/Gupta (2023).pdf,Hybrid PolyNet (ACRIMA),209,6,28,462,215,490,0.9721,0.9429,n/r,image,fundus,expert ophthalmologist,Asia,internal,retrospective,no,confirmed,unspecified,n/r,0.305,Hybrid PolyNet (CNN with inception + MISH activation),CDR > 0.5,claude_pdf
Gupta (2023),2023,projects/glaucoma-dl-dta-nma/pdfs/Gupta (2023).pdf,04_fulltext/pdfs/Gupta (2023).pdf,Hybrid PolyNet (DRISHTI-GS1),22,9,21,49,31,70,0.7097,0.7,n/r,image,fundus,expert ophthalmologist,Asia,internal,retrospective,no,confirmed,unspecified,n/r,0.305,Hybrid PolyNet (CNN with inception + MISH activation),CDR > 0.5,claude_pdf
Gupta (2023),2023,projects/glaucoma-dl-dta-nma/pdfs/Gupta (2023).pdf,04_fulltext/pdfs/Gupta (2023).pdf,Hybrid PolyNet (REFUGE),285,81,213,621,366,834,0.7787,0.7446,n/r,image,fundus,expert ophthalmologist,Asia,internal,retrospective,no,confirmed,unspecified,n/r,0.305,Hybrid PolyNet (CNN with inception + MISH activation),CDR > 0.5,claude_pdf
Gupta (2023),2023,projects/glaucoma-dl-dta-nma/pdfs/Gupta (2023).pdf,04_fulltext/pdfs/Gupta (2023).pdf,Hybrid PolyNet (ORIGA),186,12,44,408,198,452,0.9394,0.9027,n/r,image,fundus,expert ophthalmologist,Asia,internal,retrospective,no,confirmed,unspecified,n/r,0.305,Hybrid PolyNet (CNN with inception + MISH activation),CDR > 0.5,claude_pdf
Gupta (2023),2023,projects/glaucoma-dl-dta-nma/pdfs/Gupta (2023).pdf,04_fulltext/pdfs/Gupta (2023).pdf,Hybrid PolyNet (RIM-ONE),29,11,27,64,40,91,0.725,0.7033,n/r,image,fundus,expert ophthalmologist,Asia,internal,retrospective,no,confirmed,unspecified,n/r,0.305,Hybrid PolyNet (CNN with inception + MISH activation),CDR > 0.5,claude_pdf
Gupta (2023),2023,projects/glaucoma-dl-dta-nma/pdfs/Gupta (2023).pdf,04_fulltext/pdfs/Gupta (2023).pdf,Hybrid PolyNet (Aravind real-time),40,6,14,90,46,104,0.8696,0.8654,n/r,image,fundus,expert ophthalmologist,Asia,internal,retrospective,no,confirmed,unspecified,n/r,0.305,Hybrid PolyNet (CNN with inception + MISH activation),CDR > 0.5,claude_pdf
Hassan (2019),2019,projects/glaucoma-dl-dta-nma/pdfs/Hassan (2019).pdf,04_fulltext/pdfs/Hassan (2019).pdf,ResNet-152-M (Dataset-OD),157,8,0,55,165,55,0.9515,1.0,0.99,image,fundus,expert ophthalmologist,Asia,internal,retrospective,no,confirmed,unspecified,n/r,0.75,"ResNet-152 (modified, CNN)",n/r,claude_pdf
Hemelings (2019),2019,projects/glaucoma-dl-dta-nma/pdfs/Hemelings (2019).pdf,04_fulltext/pdfs/Hemelings (2019).pdf,Two-stage faster RCNN + DCNN (10-fold CV),120,48,72,410,168,482,0.7143,0.8506,0.874,image,fundus,expert ophthalmologist,Asia,internal,retrospective,no,confirmed,unspecified,n/r,0.258,Faster RCNN (VGG16) for OD localization + custom 4-conv-layer DCNN classifier,specificity fixed at 0.85,claude_pdf
Hemelings (2020),2020,projects/glaucoma-dl-dta-nma/pdfs/Hemelings (2020).pdf,04_fulltext/pdfs/Hemelings (2020).pdf,"ResNet-50 + transfer + active learning (uncertainty sampling, 2072 images)",249,5,9,91,254,100,0.9803,0.91,0.995,patient,fundus,structural+functional,Europe,internal,retrospective,no,referable,unspecified,n/r,0.718,ResNet-50 CNN with ImageNet transfer learning and uncertainty-sampling active learning,0.5,claude_pdf
Hemelings (2020),2020,projects/glaucoma-dl-dta-nma/pdfs/Hemelings (2020).pdf,04_fulltext/pdfs/Hemelings (2020).pdf,ResNet-50 + transfer + random sampling (2072 images),249,5,16,84,254,100,0.9803,0.84,0.986,patient,fundus,structural+functional,Europe,internal,retrospective,no,referable,unspecified,n/r,0.718,ResNet-50 CNN with ImageNet transfer learning and random sampling,0.5,claude_pdf
Hemelings (2020),2020,projects/glaucoma-dl-dta-nma/pdfs/Hemelings (2020).pdf,04_fulltext/pdfs/Hemelings (2020).pdf,Baseline ResNet-50 CNN (full 4935 training images),252,2,7,93,254,100,0.9921,0.93,0.996,patient,fundus,structural+functional,Europe,internal,retrospective,no,referable,unspecified,n/r,0.718,"ResNet-50 CNN with ImageNet transfer learning, full training set",0.5,claude_pdf
Hung (2022),2022,projects/glaucoma-dl-dta-nma/pdfs/Hung (2022).pdf,04_fulltext/pdfs/Hung (2022).pdf,"EfficientNet-b0 (eye-based, no demographics)",19,3,3,45,22,48,0.8636,0.9375,0.98,eye,fundus,structural+functional,Asia,internal,cross-sectional,yes,confirmed,mixed,n/r,0.311,EfficientNet-b0 CNN,n/r,claude_pdf
Islam (2022),2022,projects/glaucoma-dl-dta-nma/pdfs/Islam (2022).pdf,04_fulltext/pdfs/Islam (2022).pdf,"LR (4 features: MD, PSD, RNFL, CDR)",25,0,2,28,25,30,1.0,0.9333,0.97,patient,OCT,expert ophthalmologist,Oceania,internal,retrospective,no,confirmed,POAG,55.3,0.5,Logistic regression,n/r,claude_pdf
Islam (2022),2022,projects/glaucoma-dl-dta-nma/pdfs/Islam (2022).pdf,04_fulltext/pdfs/Islam (2022).pdf,"DL (4 features: MD, PSD, RNFL, CDR)",25,0,2,28,25,30,1.0,0.9333,0.98,patient,OCT,expert ophthalmologist,Oceania,internal,retrospective,no,confirmed,POAG,55.3,0.5,"4-layer fully-connected DNN (ReLU, sigmoid)",n/r,claude_pdf
Islam (2022),2022,projects/glaucoma-dl-dta-nma/pdfs/Islam (2022).pdf,04_fulltext/pdfs/Islam (2022).pdf,ResNet18 (segmented ONH OCT B-scans),180,0,8,172,180,180,1.0,0.9556,0.99,patient,OCT,expert ophthalmologist,Oceania,internal,retrospective,no,confirmed,POAG,55.3,0.5,ResNet18 (transfer learning),n/r,claude_pdf
Islam (2022),2022,projects/glaucoma-dl-dta-nma/pdfs/Islam (2022).pdf,04_fulltext/pdfs/Islam (2022).pdf,VGG16 (segmented ONH OCT B-scans),180,0,8,172,180,180,1.0,0.9556,0.99,patient,OCT,expert ophthalmologist,Oceania,internal,retrospective,no,confirmed,POAG,55.3,0.5,VGG16 (transfer learning),n/r,claude_pdf
Islam (2022),2022,projects/glaucoma-dl-dta-nma/pdfs/Islam (2022).pdf,04_fulltext/pdfs/Islam (2022).pdf,Proposed CNN (segmented ONH OCT B-scans),179,1,4,176,180,180,0.9944,0.9778,0.99,patient,OCT,expert ophthalmologist,Oceania,internal,retrospective,no,confirmed,POAG,55.3,0.5,"Custom 24-layer CNN (5 conv blocks, softmax)",n/r,claude_pdf
Jammal (2019),2019,projects/glaucoma-dl-dta-nma/pdfs/Jammal (2019).pdf,04_fulltext/pdfs/Jammal (2019).pdf,Pegasus,42,8,6,44,50,50,0.84,0.88,0.926 (95% CI 0.882-0.962),image,fundus,structural+functional,Asia,external,retrospective,yes,confirmed,mixed,58,0.5,ResNet-50 CNN,0.01,claude_pdf
Jammal (2019),2019,projects/glaucoma-dl-dta-nma/pdfs/Jammal (2019).pdf,04_fulltext/pdfs/Jammal (2019).pdf,Best-case consensus (5 ophthalmologists),45,5,12,38,50,50,0.9,0.76,0.891 (95% CI 0.831-0.945),image,fundus,structural+functional,Asia,external,retrospective,yes,confirmed,mixed,58,0.5,,optimal Cohen kappa vs gold standard,claude_pdf
Jan (2024),2024,projects/glaucoma-dl-dta-nma/pdfs/Jan (2024).pdf,04_fulltext/pdfs/Jan (2024).pdf,Inception-v3 AI (Li et al.),1078,2156,176,6490,3234,6666,0.3333,0.9736,0.654 (95%CI: 0.645-0.662),image,fundus,expert ophthalmologist,Europe,external,retrospective,no,referable,unspecified,n/r,0.327,"Convolutional neural network, Inception-v3",n/r,claude_pdf
Jan (2024),2024,projects/glaucoma-dl-dta-nma/pdfs/Jan (2024).pdf,04_fulltext/pdfs/Jan (2024).pdf,"Optometrists (n=11, AHPRA-registered)",2104,1130,966,5700,3234,6666,0.6506,0.8551,0.753 (95%CI: 0.744-0.762),image,fundus,expert ophthalmologist,Europe,external,retrospective,no,referable,unspecified,n/r,0.327,,n/r,claude_pdf
Jan (2025),2025,projects/glaucoma-dl-dta-nma/pdfs/Jan (2025).pdf,04_fulltext/pdfs/Jan (2025).pdf,Inception-v3 AI Workstation,10,5,10,243,15,253,0.6667,0.9605,0.80 (0.69-0.91),patient,fundus,combined criteria,Oceania,external,prospective,yes,referable,unspecified,64.8,0.054,Inception-v3,n/r,claude_pdf
Kang (2026),2026,projects/glaucoma-dl-dta-nma/pdfs/Kang (2026).pdf,04_fulltext/pdfs/Kang (2026).pdf,ViT-B/16,65,8,5,70,73,75,0.8904,0.9333,n/r,image,fundus,structural+functional,Europe,internal,retrospective,no,confirmed,unspecified,n/r,0.493,Vision Transformer ViT-B/16,n/r,claude_pdf
Kang (2026),2026,projects/glaucoma-dl-dta-nma/pdfs/Kang (2026).pdf,04_fulltext/pdfs/Kang (2026).pdf,SPiT,67,6,12,63,73,75,0.9178,0.84,n/r,image,fundus,structural+functional,Europe,internal,retrospective,no,confirmed,unspecified,n/r,0.493,Modular Superpixel Tokenization ViT (SPiT),n/r,claude_pdf
Kang (2026),2026,projects/glaucoma-dl-dta-nma/pdfs/Kang (2026).pdf,04_fulltext/pdfs/Kang (2026).pdf,SpxViT_fix,65,8,15,60,73,75,0.8904,0.8,n/r,image,fundus,structural+functional,Europe,internal,retrospective,no,confirmed,unspecified,n/r,0.493,Superpixel-based Vision Transformer (SLIC fixed compactness=8),n/r,claude_pdf
Kang (2026),2026,projects/glaucoma-dl-dta-nma/pdfs/Kang (2026).pdf,04_fulltext/pdfs/Kang (2026).pdf,SpxViT_var,68,5,11,64,73,75,0.9315,0.8533,n/r,image,fundus,structural+functional,Europe,internal,retrospective,no,confirmed,unspecified,n/r,0.493,Superpixel-based Vision Transformer (SLIC variable compactness),n/r,claude_pdf
Kim (2019),2019,projects/glaucoma-dl-dta-nma/pdfs/Kim (2019).pdf,04_fulltext/pdfs/Kim (2019).pdf,Inception-V3 (DL),49,1,5,47,50,52,0.98,0.9038,0.990 (95% CI 0.974-1.000),image,OCT,structural+functional,Asia,internal,prospective,no,confirmed,unspecified,52.16,0.49,"Inception-V3 CNN (transfer learning, ImageNet pre-trained)",fixed specificity 90%,claude_pdf
Kim (2019),2019,projects/glaucoma-dl-dta-nma/pdfs/Kim (2019).pdf,04_fulltext/pdfs/Kim (2019).pdf,HCF pRNFL average thickness,29,21,5,47,50,52,0.58,0.9038,0.895 (95% CI 0.832-0.957),image,OCT,structural+functional,Asia,internal,prospective,no,confirmed,unspecified,52.16,0.49,Hand-crafted feature (ASAP software) with statistical classifier,fixed specificity 90%,claude_pdf
Kim (2019),2019,projects/glaucoma-dl-dta-nma/pdfs/Kim (2019).pdf,04_fulltext/pdfs/Kim (2019).pdf,HCF pRNFL inferior sector,36,14,5,47,50,52,0.72,0.9038,0.938 (95% CI 0.894-0.982),image,OCT,structural+functional,Asia,internal,prospective,no,confirmed,unspecified,52.16,0.49,Hand-crafted feature (ASAP software) with statistical classifier,fixed specificity 90%,claude_pdf
Kim (2019),2019,projects/glaucoma-dl-dta-nma/pdfs/Kim (2019).pdf,04_fulltext/pdfs/Kim (2019).pdf,HCF pRNFL superior sector,31,19,5,47,50,52,0.62,0.9038,0.913 (95% CI 0.855-0.970),image,OCT,structural+functional,Asia,internal,prospective,no,confirmed,unspecified,52.16,0.49,Hand-crafted feature (ASAP software) with statistical classifier,fixed specificity 90%,claude_pdf
Kim (2019),2019,projects/glaucoma-dl-dta-nma/pdfs/Kim (2019).pdf,04_fulltext/pdfs/Kim (2019).pdf,HCF pRNFL nasal sector,12,38,5,47,50,52,0.24,0.9038,0.696 (95% CI 0.594-0.799),image,OCT,structural+functional,Asia,internal,prospective,no,confirmed,unspecified,52.16,0.49,Hand-crafted feature (ASAP software) with statistical classifier,fixed specificity 90%,claude_pdf
Kim (2019),2019,projects/glaucoma-dl-dta-nma/pdfs/Kim (2019).pdf,04_fulltext/pdfs/Kim (2019).pdf,HCF pRNFL temporal sector,4,46,5,47,50,52,0.08,0.9038,0.661 (95% CI 0.549-0.772),image,OCT,structural+functional,Asia,internal,prospective,no,confirmed,unspecified,52.16,0.49,Hand-crafted feature (ASAP software) with statistical classifier,fixed specificity 90%,claude_pdf
Kim (2020),2020,projects/glaucoma-dl-dta-nma/pdfs/Kim (2020).pdf,04_fulltext/pdfs/Kim (2020).pdf,VGG-19 (RNFL thickness map),314,7,10,94,321,104,0.9782,0.9038,0.987 (0.971-0.995),eye,OCT,expert ophthalmologist,Asia,external,retrospective,no,confirmed,POAG,58.0,0.755,VGG-19 CNN,fixed specificity 90%,claude_pdf
Kim (2020),2020,projects/glaucoma-dl-dta-nma/pdfs/Kim (2020).pdf,04_fulltext/pdfs/Kim (2020).pdf,Glaucoma specialist 1,311,10,12,92,321,104,0.9688,0.8846,n/r,eye,OCT,expert ophthalmologist,Asia,external,retrospective,no,confirmed,POAG,58.0,0.755,,n/r,claude_pdf
Kim (2020),2020,projects/glaucoma-dl-dta-nma/pdfs/Kim (2020).pdf,04_fulltext/pdfs/Kim (2020).pdf,Glaucoma specialist 2,313,8,7,97,321,104,0.9751,0.9327,n/r,eye,OCT,expert ophthalmologist,Asia,external,retrospective,no,confirmed,POAG,58.0,0.755,,n/r,claude_pdf
Ko (2022),2022,projects/glaucoma-dl-dta-nma/pdfs/Ko (2022).pdf,04_fulltext/pdfs/Ko (2022).pdf,TVGH core EfficientNet B3 (internal test),75,5,2,78,80,80,0.9375,0.975,0.991 (0.982-1.000),image,fundus,structural+functional,mixed,external,retrospective,no,confirmed,POAG,58.0,0.499,EfficientNet B3 CNN,n/r,claude_pdf
Ko (2022),2022,projects/glaucoma-dl-dta-nma/pdfs/Ko (2022).pdf,04_fulltext/pdfs/Ko (2022).pdf,TVGH core model on DRISHTI-GS1 (external),2,18,0,20,20,20,0.1,1.0,0.770 (0.558-0.982),image,fundus,structural+functional,mixed,external,retrospective,no,confirmed,POAG,58.0,0.499,EfficientNet B3 CNN,n/r,claude_pdf
Ko (2022),2022,projects/glaucoma-dl-dta-nma/pdfs/Ko (2022).pdf,04_fulltext/pdfs/Ko (2022).pdf,TVGH core model on RIM-ONE r2 (external),3,17,2,18,20,20,0.15,0.9,0.624 (0.501-0.748),image,fundus,structural+functional,mixed,external,retrospective,no,confirmed,POAG,58.0,0.499,EfficientNet B3 CNN,n/r,claude_pdf
Ko (2022),2022,projects/glaucoma-dl-dta-nma/pdfs/Ko (2022).pdf,04_fulltext/pdfs/Ko (2022).pdf,TVGH core model on CHGH (external),13,7,1,19,20,20,0.65,0.95,0.910 (0.798-1.000),image,fundus,structural+functional,mixed,external,retrospective,no,confirmed,POAG,58.0,0.499,EfficientNet B3 CNN,n/r,claude_pdf
Kumar (2025),2025,projects/glaucoma-dl-dta-nma/pdfs/Kumar (2025).pdf,04_fulltext/pdfs/Kumar (2025).pdf,vgg19_bn (internal validation),1316,65,47,1983,1381,2030,0.9529,0.9768,0.9920 (95% CI 0.9920-0.9921),image,fundus,other,mixed,external,retrospective,no,screening,unspecified,n/r,0.4098,"VGG19 with batch normalisation (ImageNet pre-trained, fine-tuned via Fastai)",n/r,claude_pdf
Lau (2025),2025,projects/glaucoma-dl-dta-nma/pdfs/Lau (2025).pdf,04_fulltext/pdfs/Lau (2025).pdf,ResNet-50 DLM,224,9,2,394,233,396,0.9614,0.9949,0.999 (0.99-1.00),eye,OCT,combined criteria,North America,external,retrospective,yes,confirmed,unspecified,53.8,0.37,"ResNet-50 (ImageNet-pretrained, fine-tuned on OCT Hood reports)",DLM Index >= 50,claude_pdf
Lee (2023),2023,projects/glaucoma-dl-dta-nma/pdfs/Lee (2023).pdf,04_fulltext/pdfs/Lee (2023).pdf,Spectralis RNFLT ST/IT <5th percentile,342,40,12,82,382,94,0.8953,0.8723,n/r,eye,OCT,structural+functional,North America,internal,cross-sectional,yes,confirmed,POAG,n/r,0.803,Reference-database percentile classifier (Spectralis GMPE),ST and/or IT sector below 5th percentile of reference database,claude_pdf
Lee (2023),2023,projects/glaucoma-dl-dta-nma/pdfs/Lee (2023).pdf,04_fulltext/pdfs/Lee (2023).pdf,Spectralis BMO-MRW ST/IT <5th percentile,317,65,5,89,382,94,0.8298,0.9468,n/r,eye,OCT,structural+functional,North America,internal,cross-sectional,yes,confirmed,POAG,n/r,0.803,Reference-database percentile classifier (Spectralis GMPE),ST and/or IT sector below 5th percentile of reference database,claude_pdf
Lee (2023),2023,projects/glaucoma-dl-dta-nma/pdfs/Lee (2023).pdf,04_fulltext/pdfs/Lee (2023).pdf,Combined RNFLT or BMO-MRW ST/IT <5th percentile,354,28,14,80,382,94,0.9267,0.8511,n/r,eye,OCT,structural+functional,North America,internal,cross-sectional,yes,confirmed,POAG,n/r,0.803,"Reference-database percentile classifier (Spectralis GMPE), OR rule across RNFLT and BMO-MRW",ST and/or IT sector below 5th percentile on RNFLT or BMO-MRW,claude_pdf
Lee (2025),2025,projects/glaucoma-dl-dta-nma/pdfs/Lee (2025).pdf,04_fulltext/pdfs/Lee (2025).pdf,Multidimensional imaging model (fundus+RNFL/GCIPL deviation+thickness),471,38,60,485,509,545,0.9253,0.8899,0.970 (95% CI 0.958-0.979),eye,combined,structural+functional,Asia,internal,retrospective,no,confirmed,POAG,n/r,0.483,"CNN ensemble (Swin-base, Inception-ResNet-V2, Inception-V3, Xception) with back-end mean fusion",Youden index optimal cut-off,claude_pdf
Li (2019),2019,projects/glaucoma-dl-dta-nma/pdfs/Li (2019).pdf,04_fulltext/pdfs/Li (2019).pdf,Pegasus v1.0,39,9,6,40,48,46,0.8125,0.8696,0.871 (95% CI 0.811-0.924),eye,fundus,structural+functional,Europe,external,retrospective,yes,confirmed,unspecified,n/r,0.51,ResNet-50 CNN,n/r,claude_pdf
Li (2019),2019,projects/glaucoma-dl-dta-nma/pdfs/Li (2019).pdf,04_fulltext/pdfs/Li (2019).pdf,Ophthalmologists (mean of 243),36,12,6,40,48,46,0.75,0.8696,n/r,eye,fundus,structural+functional,Europe,external,retrospective,yes,confirmed,unspecified,n/r,0.51,,n/r,claude_pdf
Li (2019),2019,projects/glaucoma-dl-dta-nma/pdfs/Li (2019).pdf,04_fulltext/pdfs/Li (2019).pdf,Optometrists (median of 208),44,4,12,34,48,46,0.9167,0.7391,n/r,eye,fundus,structural+functional,Europe,external,retrospective,yes,confirmed,unspecified,n/r,0.51,,n/r,claude_pdf
Li (2021),2021,projects/glaucoma-dl-dta-nma/pdfs/Li (2021).pdf,04_fulltext/pdfs/Li (2021).pdf,InceptionResNetV2 (ZOC external set),230,5,60,993,235,1053,0.9787,0.943,0.983 (95% CI 0.977-0.988),image,fundus,expert ophthalmologist,Asia,external,retrospective,yes,referable,unspecified,n/r,0.192,InceptionResNetV2,n/r,claude_pdf
Li (2021),2021,projects/glaucoma-dl-dta-nma/pdfs/Li (2021).pdf,04_fulltext/pdfs/Li (2021).pdf,Ophthalmologist (6 years experience),227,8,72,981,235,1053,0.966,0.9316,n/r,image,fundus,expert ophthalmologist,Asia,external,retrospective,yes,referable,unspecified,n/r,0.192,,n/r,claude_pdf
Li (2021),2021,projects/glaucoma-dl-dta-nma/pdfs/Li (2021).pdf,04_fulltext/pdfs/Li (2021).pdf,Ophthalmologist (3 years experience),190,45,124,929,235,1053,0.8085,0.8822,n/r,image,fundus,expert ophthalmologist,Asia,external,retrospective,yes,referable,unspecified,n/r,0.192,,n/r,claude_pdf
Li (2021),2021,projects/glaucoma-dl-dta-nma/pdfs/Li (2021).pdf,04_fulltext/pdfs/Li (2021).pdf,InceptionResNetV2 (CMAAI internal test set),115,3,11,654,118,665,0.9746,0.9835,0.999 (95% CI 0.998-1.000),image,fundus,expert ophthalmologist,Asia,external,retrospective,yes,referable,unspecified,n/r,0.192,InceptionResNetV2,n/r,claude_pdf
Li (2021),2021,projects/glaucoma-dl-dta-nma/pdfs/Li (2021).pdf,04_fulltext/pdfs/Li (2021).pdf,InceptionResNetV2 (XOH external set),267,5,79,2309,272,2388,0.9816,0.9669,0.990 (95% CI 0.987-0.993),image,fundus,expert ophthalmologist,Asia,external,retrospective,yes,referable,unspecified,n/r,0.192,InceptionResNetV2,n/r,claude_pdf
Li (2021),2021,projects/glaucoma-dl-dta-nma/pdfs/Li (2021).pdf,04_fulltext/pdfs/Li (2021).pdf,InceptionResNetV2 (TOPP external set),2867,61,271,9769,2928,10040,0.9792,0.973,0.990 (95% CI 0.988-0.992),image,fundus,expert ophthalmologist,Asia,external,retrospective,yes,referable,unspecified,n/r,0.192,InceptionResNetV2,n/r,claude_pdf
Li (2022b),2022b,projects/glaucoma-dl-dta-nma/pdfs/Li (2022b).pdf,04_fulltext/pdfs/Li (2022b).pdf,AI screening algorithm (DenseNet-121 + bilinear pooling),328,40,9,1208,368,1217,0.8913,0.9926,0.990 (0.985-0.995),patient,fundus,expert ophthalmologist,Asia,external,prospective,yes,referable,unspecified,53.19,0.232,DenseNet-121 with bilinear pooling,n/r,claude_pdf
Li (2022b),2022b,projects/glaucoma-dl-dta-nma/pdfs/Li (2022b).pdf,04_fulltext/pdfs/Li (2022b).pdf,Ophthalmologist Grader 1 (6 years experience),359,9,9,1208,368,1217,0.9755,0.9926,n/r,patient,fundus,expert ophthalmologist,Asia,external,prospective,yes,referable,unspecified,53.19,0.232,,n/r,claude_pdf
Li (2022b),2022b,projects/glaucoma-dl-dta-nma/pdfs/Li (2022b).pdf,04_fulltext/pdfs/Li (2022b).pdf,Ophthalmologist Grader 2 (10 years experience),364,4,10,1207,368,1217,0.9891,0.9918,n/r,patient,fundus,expert ophthalmologist,Asia,external,prospective,yes,referable,unspecified,53.19,0.232,,n/r,claude_pdf
Li (2023),2023,projects/glaucoma-dl-dta-nma/pdfs/Li (2023).pdf,04_fulltext/pdfs/Li (2023).pdf,G-RISK on BMES (participant),94,8,266,3186,102,3452,0.9216,0.9229,0.976 [0.967-0.986],image,fundus,combined criteria,mixed,external,retrospective,no,mixed,mixed,n/r,n/r,ResNet-50 regression CNN (G-RISK),0.70,claude_pdf
Li (2023),2023,projects/glaucoma-dl-dta-nma/pdfs/Li (2023).pdf,04_fulltext/pdfs/Li (2023).pdf,G-RISK on GHS (participant),117,8,707,10696,125,11403,0.936,0.938,0.984 [0.978-0.990],image,fundus,combined criteria,mixed,external,retrospective,no,mixed,mixed,n/r,n/r,ResNet-50 regression CNN (G-RISK),0.70,claude_pdf
Li (2023),2023,projects/glaucoma-dl-dta-nma/pdfs/Li (2023).pdf,04_fulltext/pdfs/Li (2023).pdf,G-RISK on AIROGS,2797,314,9691,87220,3111,96911,0.8991,0.9,0.963 [0.960-0.965],image,fundus,combined criteria,mixed,external,retrospective,no,mixed,mixed,n/r,n/r,ResNet-50 regression CNN (G-RISK),0.74,claude_pdf
Li (2023),2023,projects/glaucoma-dl-dta-nma/pdfs/Li (2023).pdf,04_fulltext/pdfs/Li (2023).pdf,G-RISK on ORIGA,130,38,107,375,168,482,0.7738,0.778,0.854 [0.821-0.886],image,fundus,combined criteria,mixed,external,retrospective,no,mixed,mixed,n/r,n/r,ResNet-50 regression CNN (G-RISK),0.66,claude_pdf
Li (2023),2023,projects/glaucoma-dl-dta-nma/pdfs/Li (2023).pdf,04_fulltext/pdfs/Li (2023).pdf,G-RISK on REFUGE1 (all),107,13,139,941,120,1080,0.8917,0.8713,0.952 [0.925-0.979],image,fundus,combined criteria,mixed,external,retrospective,no,mixed,mixed,n/r,n/r,ResNet-50 regression CNN (G-RISK),0.58,claude_pdf
Li (2023),2023,projects/glaucoma-dl-dta-nma/pdfs/Li (2023).pdf,04_fulltext/pdfs/Li (2023).pdf,G-RISK on ODIR,245,46,915,4987,291,5902,0.8419,0.845,0.917 [0.900-0.933],image,fundus,combined criteria,mixed,external,retrospective,no,mixed,mixed,n/r,n/r,ResNet-50 regression CNN (G-RISK),0.75,claude_pdf
Li (2023),2023,projects/glaucoma-dl-dta-nma/pdfs/Li (2023).pdf,04_fulltext/pdfs/Li (2023).pdf,G-RISK on GAMMA (all),46,4,3,47,50,50,0.92,0.94,0.987 [0.973-1.000],image,fundus,combined criteria,mixed,external,retrospective,no,mixed,mixed,n/r,n/r,ResNet-50 regression CNN (G-RISK),0.64,claude_pdf
Li (2023),2023,projects/glaucoma-dl-dta-nma/pdfs/Li (2023).pdf,04_fulltext/pdfs/Li (2023).pdf,G-RISK on RIM-ONE r3 (w/o suspects),35,4,10,75,39,85,0.8974,0.8824,0.973 [0.942-1.000],image,fundus,combined criteria,mixed,external,retrospective,no,mixed,mixed,n/r,n/r,ResNet-50 regression CNN (G-RISK),0.66,claude_pdf
Li (2023),2023,projects/glaucoma-dl-dta-nma/pdfs/Li (2023).pdf,04_fulltext/pdfs/Li (2023).pdf,G-RISK on RIM-ONE DL (all),157,15,27,286,172,313,0.9128,0.9137,0.972 [0.957-0.986],image,fundus,combined criteria,mixed,external,retrospective,no,mixed,mixed,n/r,n/r,ResNet-50 regression CNN (G-RISK),0.66,claude_pdf
Li (2023),2023,projects/glaucoma-dl-dta-nma/pdfs/Li (2023).pdf,04_fulltext/pdfs/Li (2023).pdf,G-RISK on PAPILA eye (susp referable),107,48,102,231,155,333,0.6903,0.6937,0.769 [0.722-0.815],image,fundus,combined criteria,mixed,external,retrospective,no,mixed,mixed,n/r,n/r,ResNet-50 regression CNN (G-RISK),0.64,claude_pdf
Li (2023),2023,projects/glaucoma-dl-dta-nma/pdfs/Li (2023).pdf,04_fulltext/pdfs/Li (2023).pdf,G-RISK on PAPILA eye (susp non-referable),68,19,79,322,87,401,0.7816,0.803,0.882 [0.840-0.923],image,fundus,combined criteria,mixed,external,retrospective,no,mixed,mixed,n/r,n/r,ResNet-50 regression CNN (G-RISK),0.70,claude_pdf
Li (2023),2023,projects/glaucoma-dl-dta-nma/pdfs/Li (2023).pdf,04_fulltext/pdfs/Li (2023).pdf,G-RISK on ACRIMA,313,83,64,245,396,309,0.7904,0.7929,0.884 [0.860-0.908],image,fundus,combined criteria,mixed,external,retrospective,no,mixed,mixed,n/r,n/r,ResNet-50 regression CNN (G-RISK),0.64,claude_pdf
Li (2023),2023,projects/glaucoma-dl-dta-nma/pdfs/Li (2023).pdf,04_fulltext/pdfs/Li (2023).pdf,G-RISK on LAG,1460,251,462,2681,1711,3143,0.8533,0.853,0.926 [0.918-0.934],image,fundus,combined criteria,mixed,external,retrospective,no,mixed,mixed,n/r,n/r,ResNet-50 regression CNN (G-RISK),0.62,claude_pdf
Li (2025b),2025b,projects/glaucoma-dl-dta-nma/pdfs/Li (2025b).pdf,04_fulltext/pdfs/Li (2025b).pdf,CARE (Comprehensive AI Retinal Expert),271,25,152,5704,296,5856,0.9155,0.974,0.945,image,fundus,expert ophthalmologist,Asia,external,retrospective,yes,screening,unspecified,n/r,0.0481,CNN (CARE system),n/r,claude_pdf
Liao (2021),2021,projects/glaucoma-dl-dta-nma/pdfs/Liao (2021).pdf,04_fulltext/pdfs/Liao (2021).pdf,"HDLS (validation dataset 1, internal)",2770,114,207,3210,2884,3417,0.9605,0.9394,0.981 (95% CI 0.978-0.985),image,fundus,expert ophthalmologist,Asia,external,retrospective,yes,referable,unspecified,51.9,0.424,Hierarchical deep learning system (Inception-v3 pre-diagnosis + U-Net segmentation + SVM/decision tree),0.8 (softmax output),claude_pdf
Liao (2021),2021,projects/glaucoma-dl-dta-nma/pdfs/Liao (2021).pdf,04_fulltext/pdfs/Liao (2021).pdf,"HDLS (validation dataset 2, external)",592,27,80,1265,619,1345,0.9564,0.9405,0.983 (95% CI 0.977-0.989),image,fundus,expert ophthalmologist,Asia,external,retrospective,yes,referable,unspecified,51.9,0.424,Hierarchical deep learning system (Inception-v3 pre-diagnosis + U-Net segmentation + SVM/decision tree),0.8 (softmax output),claude_pdf
Liu (2018),2018,projects/glaucoma-dl-dta-nma/pdfs/Liu (2018).pdf,04_fulltext/pdfs/Liu (2018).pdf,Inception-v3 deep learning system,1880,87,480,5553,1967,6033,0.9558,0.9204,0.986 (95% CI 0.984-0.988),image,fundus,expert ophthalmologist,Asia,internal,retrospective,yes,referable,unspecified,n/r,0.246,Inception-v3 CNN,n/r,claude_pdf
MacCormick (2019),2019,projects/glaucoma-dl-dta-nma/pdfs/MacCormick (2019).pdf,04_fulltext/pdfs/MacCormick (2019).pdf,"Spatial probabilistic pCDR model (external validation, RIM-ONE)",35,4,22,63,39,85,0.8974,0.7412,0.91,image,fundus,expert ophthalmologist,mixed,external,cross-sectional,no,confirmed,unspecified,n/r,n/r,Hierarchical spatial probabilistic model on 24-direction cup/disc ratio profile with DenseNet-FCN segmentation,posterior probability 0.90,claude_pdf
Martins (2020),2020,projects/glaucoma-dl-dta-nma/pdfs/Martins (2020).pdf,04_fulltext/pdfs/Martins (2020).pdf,MLP (cGAN + taxonomic diversity + CLAHE + masks),270,0,0,286,270,286,1.0,1.0,1.00,image,fundus,expert ophthalmologist,mixed,internal,retrospective,no,confirmed,unspecified,n/r,0.486,cGAN (Pix2pix/U-net+PatchGAN) segmentation + taxonomic diversity indexes + Multilayer Perceptron,n/r,claude_pdf
Martins (2020),2020,projects/glaucoma-dl-dta-nma/pdfs/Martins (2020).pdf,04_fulltext/pdfs/Martins (2020).pdf,SMO (cGAN + taxonomic diversity + CLAHE + masks),270,0,0,286,270,286,1.0,1.0,1.00,image,fundus,expert ophthalmologist,mixed,internal,retrospective,no,confirmed,unspecified,n/r,0.486,cGAN (Pix2pix/U-net+PatchGAN) segmentation + taxonomic diversity indexes + Sequential Minimal Optimization (SVM),n/r,claude_pdf
Martins (2020),2020,projects/glaucoma-dl-dta-nma/pdfs/Martins (2020).pdf,04_fulltext/pdfs/Martins (2020).pdf,Random Forest (cGAN + taxonomic diversity + CLAHE + masks),270,0,0,286,270,286,1.0,1.0,1.00,image,fundus,expert ophthalmologist,mixed,internal,retrospective,no,confirmed,unspecified,n/r,0.486,cGAN (Pix2pix/U-net+PatchGAN) segmentation + taxonomic diversity indexes + Random Forest,n/r,claude_pdf
Martins (2020b),2020b,projects/glaucoma-dl-dta-nma/pdfs/Martins (2020b).pdf,04_fulltext/pdfs/Martins (2020b).pdf,GFI-C (MobileNetV2),599,106,213,1564,705,1777,0.8496,0.8801,0.93,image,fundus,expert ophthalmologist,Europe,internal,retrospective,no,confirmed,unspecified,n/r,0.284,MobileNetV2,n/r,claude_pdf
Martins (2020b),2020b,projects/glaucoma-dl-dta-nma/pdfs/Martins (2020b).pdf,04_fulltext/pdfs/Martins (2020b).pdf,GFI-C-VGG16,571,134,213,1564,705,1777,0.8099,0.8801,0.95,image,fundus,expert ophthalmologist,Europe,internal,retrospective,no,confirmed,unspecified,n/r,0.284,VGG16,n/r,claude_pdf
Martins (2020b),2020b,projects/glaucoma-dl-dta-nma/pdfs/Martins (2020b).pdf,04_fulltext/pdfs/Martins (2020b).pdf,GFI-C-VGG19,585,120,195,1582,705,1777,0.8298,0.8903,0.95,image,fundus,expert ophthalmologist,Europe,internal,retrospective,no,confirmed,unspecified,n/r,0.284,VGG19,n/r,claude_pdf
Martins (2020b),2020b,projects/glaucoma-dl-dta-nma/pdfs/Martins (2020b).pdf,04_fulltext/pdfs/Martins (2020b).pdf,GFI-C-InceptionV3,564,141,107,1670,705,1777,0.8,0.9398,0.95,image,fundus,expert ophthalmologist,Europe,internal,retrospective,no,confirmed,unspecified,n/r,0.284,InceptionV3,n/r,claude_pdf
Martins (2020b),2020b,projects/glaucoma-dl-dta-nma/pdfs/Martins (2020b).pdf,04_fulltext/pdfs/Martins (2020b).pdf,GFI-C-ResNet50,585,120,178,1599,705,1777,0.8298,0.8998,0.93,image,fundus,expert ophthalmologist,Europe,internal,retrospective,no,confirmed,unspecified,n/r,0.284,ResNet50,n/r,claude_pdf
Masood (2023),2023,projects/glaucoma-dl-dta-nma/pdfs/Masood (2023).pdf,04_fulltext/pdfs/Masood (2023).pdf,DenseNet121 (internal validation),731,36,25,1030,767,1055,0.9531,0.9763,n/r,image,fundus,combined criteria,mixed,external,cross-sectional,no,confirmed,mixed,n/r,0.421,DenseNet121,n/r,claude_pdf
Masood (2023),2023,projects/glaucoma-dl-dta-nma/pdfs/Masood (2023).pdf,04_fulltext/pdfs/Masood (2023).pdf,DenseNet121 (external validation),130,22,18,145,152,163,0.8553,0.8896,n/r,image,fundus,combined criteria,mixed,external,cross-sectional,no,confirmed,mixed,n/r,0.421,DenseNet121,n/r,claude_pdf
Masood (2023),2023,projects/glaucoma-dl-dta-nma/pdfs/Masood (2023).pdf,04_fulltext/pdfs/Masood (2023).pdf,Glaucoma specialist,108,44,29,134,152,163,0.7105,0.8221,n/r,image,fundus,combined criteria,mixed,external,cross-sectional,no,confirmed,mixed,n/r,0.421,,n/r,claude_pdf
Medeiros (2021),2021,projects/glaucoma-dl-dta-nma/pdfs/Medeiros (2021).pdf,04_fulltext/pdfs/Medeiros (2021).pdf,ResNet50 DL algorithm,820,241,53,1004,1061,1057,0.7729,0.9499,"0.92 (95% CI: 0.88, 0.95)",image,fundus,structural+functional,North America,internal,retrospective,unclear,confirmed,unspecified,58.1,0.501,"ResNet50 (transfer learning, ImageNet pre-trained)",fixed at 95% specificity,claude_pdf
Muhammad (2017),2017,projects/glaucoma-dl-dta-nma/pdfs/Muhammad (2017).pdf,04_fulltext/pdfs/Muhammad (2017).pdf,HDLM (RNFL probability map),54,3,4,41,57,45,0.9474,0.9111,0.961,eye,OCT,expert ophthalmologist,North America,internal,retrospective,yes,confirmed,POAG,n/r,0.559,AlexNet CNN feature extraction + Random Forest classifier,"RF majority vote (200 trees, leave-one-out CV)",claude_pdf
Nakahara (2022),2022,projects/glaucoma-dl-dta-nma/pdfs/Nakahara (2022).pdf,04_fulltext/pdfs/Nakahara (2022).pdf,ResNet-34 (fundus camera),75,4,5,88,79,93,0.9494,0.9462,0.989 (0.978-0.999),eye,fundus,expert ophthalmologist,Asia,external,retrospective,yes,confirmed,unspecified,66.2,0.459,ResNet-34,Spec=95%,claude_pdf
Nakahara (2022),2022,projects/glaucoma-dl-dta-nma/pdfs/Nakahara (2022).pdf,04_fulltext/pdfs/Nakahara (2022).pdf,ResNet-34 (smartphone),29,50,5,88,79,93,0.3671,0.9462,0.842 (0.781-0.902),eye,fundus,expert ophthalmologist,Asia,external,retrospective,yes,confirmed,unspecified,66.2,0.459,ResNet-34,Spec=95%,claude_pdf
Nakahara (2026),2026,projects/glaucoma-dl-dta-nma/pdfs/Nakahara (2026).pdf,04_fulltext/pdfs/Nakahara (2026).pdf,ViT (vit-base-patch16-224-in21k),141,0,1,62,141,63,1.0,0.9841,1.00,image,fundus,expert ophthalmologist,mixed,internal,retrospective,no,confirmed,POAG,66.8,0.691,Vision Transformer (ViT-Base/16),0.5,claude_pdf
Nakahara (2026),2026,projects/glaucoma-dl-dta-nma/pdfs/Nakahara (2026).pdf,04_fulltext/pdfs/Nakahara (2026).pdf,EfficientNetV2B0 (CNN transfer learning),136,5,10,53,141,63,0.9645,0.8413,0.95,image,fundus,expert ophthalmologist,mixed,internal,retrospective,no,confirmed,POAG,66.8,0.691,EfficientNetV2B0,n/r,claude_pdf
Noury (2024),2024,projects/glaucoma-dl-dta-nma/pdfs/Noury (2024).pdf,04_fulltext/pdfs/Noury (2024).pdf,SVM Model A (entire image),470,40,50,395,510,445,0.9216,0.8876,0.943,image,fundus,structural+functional,Asia,internal,retrospective,no,screening,unspecified,54.4,0.534,ResNet-50 features + ARIA (Haralick/fractal) + SVM,n/r,claude_pdf
Noury (2024),2024,projects/glaucoma-dl-dta-nma/pdfs/Noury (2024).pdf,04_fulltext/pdfs/Noury (2024).pdf,SVM Model B (ROI optic nerve head),473,37,59,386,510,445,0.9275,0.8674,0.942,image,fundus,structural+functional,Asia,internal,retrospective,no,screening,unspecified,54.4,0.534,ResNet-50 features + ARIA (Haralick/fractal) + SVM,n/r,claude_pdf
Noury (2024),2024,projects/glaucoma-dl-dta-nma/pdfs/Noury (2024).pdf,04_fulltext/pdfs/Noury (2024).pdf,SVM Model C (ROI macula),437,73,88,357,510,445,0.8569,0.8022,0.899,image,fundus,structural+functional,Asia,internal,retrospective,no,screening,unspecified,54.4,0.534,ResNet-50 features + ARIA (Haralick/fractal) + SVM,n/r,claude_pdf
Noury (2024),2024,projects/glaucoma-dl-dta-nma/pdfs/Noury (2024).pdf,04_fulltext/pdfs/Noury (2024).pdf,SVM Model D (combined entire+ONH+macula),472,38,35,410,510,445,0.9255,0.9213,0.967,image,fundus,structural+functional,Asia,internal,retrospective,no,screening,unspecified,54.4,0.534,ResNet-50 features + ARIA (Haralick/fractal) + SVM (combined features),n/r,claude_pdf
Oh (2021),2021,projects/glaucoma-dl-dta-nma/pdfs/Oh (2021).pdf,04_fulltext/pdfs/Oh (2021).pdf,XGBoost,916,59,28,621,975,649,0.9395,0.9569,0.945,eye,combined,structural+functional,Asia,internal,retrospective,no,confirmed,mixed,56.9,0.600,XGBoost (gbtree),n/r,claude_pdf
Oh (2021),2021,projects/glaucoma-dl-dta-nma/pdfs/Oh (2021).pdf,04_fulltext/pdfs/Oh (2021).pdf,Random Forest,176,15,7,120,191,127,0.9215,0.9449,0.945,eye,combined,structural+functional,Asia,internal,retrospective,no,confirmed,mixed,56.9,0.600,Random Forest,n/r,claude_pdf
Oh (2021),2021,projects/glaucoma-dl-dta-nma/pdfs/Oh (2021).pdf,04_fulltext/pdfs/Oh (2021).pdf,SVM,178,13,10,117,191,127,0.9319,0.9213,0.945,eye,combined,structural+functional,Asia,internal,retrospective,no,confirmed,mixed,56.9,0.600,Support Vector Machine,n/r,claude_pdf
Oh (2021),2021,projects/glaucoma-dl-dta-nma/pdfs/Oh (2021).pdf,04_fulltext/pdfs/Oh (2021).pdf,C5.0,167,24,10,117,191,127,0.8743,0.9213,0.897,eye,combined,structural+functional,Asia,internal,retrospective,no,confirmed,mixed,56.9,0.600,C5.0 decision tree,n/r,claude_pdf
Ong (2023),2023,projects/glaucoma-dl-dta-nma/pdfs/Ong (2023).pdf,04_fulltext/pdfs/Ong (2023).pdf,Deep Learning System (Inception-v3),45,1,2,252,46,254,0.9783,0.9921,0.994 (0.988-0.999),image,fundus,expert ophthalmologist,Asia,external,prospective,no,referable,unspecified,n/r,0.153,Inception-v3 CNN,probability threshold maximizing accuracy,claude_pdf
Ong (2023),2023,projects/glaucoma-dl-dta-nma/pdfs/Ong (2023).pdf,04_fulltext/pdfs/Ong (2023).pdf,"General ophthalmologists (overall, representative grading)",42,4,5,249,46,254,0.913,0.9803,0.953 (0.911-0.994),image,fundus,expert ophthalmologist,Asia,external,prospective,no,referable,unspecified,n/r,0.153,,>50% consensus among ophthalmologists,claude_pdf
Orlando (2020),2020,projects/glaucoma-dl-dta-nma/pdfs/Orlando (2020).pdf,04_fulltext/pdfs/Orlando (2020).pdf,VRT,39,1,54,306,40,360,0.975,0.85,0.9885,image,fundus,structural+functional,Asia,external,retrospective,yes,confirmed,mixed,n/r,0.1,"Attention-guided custom CNN (Son et al., 2018)",fixed specificity 0.85,claude_pdf
Orlando (2020),2020,projects/glaucoma-dl-dta-nma/pdfs/Orlando (2020).pdf,04_fulltext/pdfs/Orlando (2020).pdf,SDSAIRC,39,1,54,306,40,360,0.975,0.85,0.9817,image,fundus,structural+functional,Asia,external,retrospective,yes,confirmed,mixed,n/r,0.1,ResNet-50 + vCDR logistic regression,fixed specificity 0.85,claude_pdf
Orlando (2020),2020,projects/glaucoma-dl-dta-nma/pdfs/Orlando (2020).pdf,04_fulltext/pdfs/Orlando (2020).pdf,CUHKMED,38,2,54,306,40,360,0.95,0.85,0.9644,image,fundus,structural+functional,Asia,external,retrospective,yes,confirmed,mixed,n/r,0.1,vCDR from OD/OC segmentation,fixed specificity 0.85,claude_pdf
Orlando (2020),2020,projects/glaucoma-dl-dta-nma/pdfs/Orlando (2020).pdf,04_fulltext/pdfs/Orlando (2020).pdf,NKSG,36,4,54,306,40,360,0.9,0.85,0.9587,image,fundus,structural+functional,Asia,external,retrospective,yes,confirmed,mixed,n/r,0.1,SENet,fixed specificity 0.85,claude_pdf
Orlando (2020),2020,projects/glaucoma-dl-dta-nma/pdfs/Orlando (2020).pdf,04_fulltext/pdfs/Orlando (2020).pdf,Mammoth,36,4,54,306,40,360,0.9,0.85,0.9555,image,fundus,structural+functional,Asia,external,retrospective,yes,confirmed,mixed,n/r,0.1,ResNet-18 + CatGAN ensemble,fixed specificity 0.85,claude_pdf
Orlando (2020),2020,projects/glaucoma-dl-dta-nma/pdfs/Orlando (2020).pdf,04_fulltext/pdfs/Orlando (2020).pdf,Masker,34,6,54,306,40,360,0.85,0.85,0.9524,image,fundus,structural+functional,Asia,external,retrospective,yes,confirmed,mixed,n/r,0.1,ResNet + vCDR linear combination,fixed specificity 0.85,claude_pdf
Orlando (2020),2020,projects/glaucoma-dl-dta-nma/pdfs/Orlando (2020).pdf,04_fulltext/pdfs/Orlando (2020).pdf,SMILEDeepDR,35,5,54,306,40,360,0.875,0.85,0.9508,image,fundus,structural+functional,Asia,external,retrospective,yes,confirmed,mixed,n/r,0.1,DeepLabv3+ adapted for classification,fixed specificity 0.85,claude_pdf
Orlando (2020),2020,projects/glaucoma-dl-dta-nma/pdfs/Orlando (2020).pdf,04_fulltext/pdfs/Orlando (2020).pdf,BUCT,34,6,54,306,40,360,0.85,0.85,0.9348,image,fundus,structural+functional,Asia,external,retrospective,yes,confirmed,mixed,n/r,0.1,Xception (grayscale),fixed specificity 0.85,claude_pdf
Orlando (2020),2020,projects/glaucoma-dl-dta-nma/pdfs/Orlando (2020).pdf,04_fulltext/pdfs/Orlando (2020).pdf,WinterFell,37,3,54,306,40,360,0.925,0.85,0.9327,image,fundus,structural+functional,Asia,external,retrospective,yes,confirmed,mixed,n/r,0.1,ResNet-101/152 + DenseNet-169/201 ensemble,fixed specificity 0.85,claude_pdf
Orlando (2020),2020,projects/glaucoma-dl-dta-nma/pdfs/Orlando (2020).pdf,04_fulltext/pdfs/Orlando (2020).pdf,NightOwl,36,4,54,306,40,360,0.9,0.85,0.9101,image,fundus,structural+functional,Asia,external,retrospective,yes,confirmed,mixed,n/r,0.1,Custom CNN ensemble from segmentation encoder,fixed specificity 0.85,claude_pdf
Orlando (2020),2020,projects/glaucoma-dl-dta-nma/pdfs/Orlando (2020).pdf,04_fulltext/pdfs/Orlando (2020).pdf,Cvblab,29,11,54,306,40,360,0.725,0.85,0.8806,image,fundus,structural+functional,Asia,external,retrospective,yes,confirmed,mixed,n/r,0.1,VGG19/InceptionV3/ResNet-50/Xception ensemble,fixed specificity 0.85,claude_pdf
Orlando (2020),2020,projects/glaucoma-dl-dta-nma/pdfs/Orlando (2020).pdf,04_fulltext/pdfs/Orlando (2020).pdf,AIML,29,11,54,306,40,360,0.725,0.85,0.8458,image,fundus,structural+functional,Asia,external,retrospective,yes,confirmed,mixed,n/r,0.1,ResNet-50/101/152/38 ensemble,fixed specificity 0.85,claude_pdf
Orlando (2020),2020,projects/glaucoma-dl-dta-nma/pdfs/Orlando (2020).pdf,04_fulltext/pdfs/Orlando (2020).pdf,Ground truth vCDR,35,5,54,306,40,360,0.875,0.85,0.9471,image,fundus,structural+functional,Asia,external,retrospective,yes,confirmed,mixed,n/r,0.1,vCDR from expert segmentation (reference),fixed specificity 0.85,claude_pdf
Orlando (2020),2020,projects/glaucoma-dl-dta-nma/pdfs/Orlando (2020).pdf,04_fulltext/pdfs/Orlando (2020).pdf,Glaucoma expert 1,34,6,32,328,40,360,0.85,0.9111,n/r,image,fundus,structural+functional,Asia,external,retrospective,yes,confirmed,mixed,n/r,0.1,,binary clinical grading,claude_pdf
Orlando (2020),2020,projects/glaucoma-dl-dta-nma/pdfs/Orlando (2020).pdf,04_fulltext/pdfs/Orlando (2020).pdf,Glaucoma expert 2,34,6,31,329,40,360,0.85,0.9139,n/r,image,fundus,structural+functional,Asia,external,retrospective,yes,confirmed,mixed,n/r,0.1,,binary clinical grading,claude_pdf
Panda (2020),2020,projects/glaucoma-dl-dta-nma/pdfs/Panda (2020).pdf,04_fulltext/pdfs/Panda (2020).pdf,GC-NET (proposed),143,2,5,117,145,122,0.9862,0.959,n/r,image,fundus,expert ophthalmologist,Asia,internal,cross-sectional,no,confirmed,unspecified,n/r,0.543,GC-NET (76-layer CNN with separable convolutions),n/r,claude_pdf
Panda (2020),2020,projects/glaucoma-dl-dta-nma/pdfs/Panda (2020).pdf,04_fulltext/pdfs/Panda (2020).pdf,Xception,133,12,11,111,145,122,0.9172,0.9098,n/r,image,fundus,expert ophthalmologist,Asia,internal,cross-sectional,no,confirmed,unspecified,n/r,0.543,Xception,n/r,claude_pdf
Panda (2020),2020,projects/glaucoma-dl-dta-nma/pdfs/Panda (2020).pdf,04_fulltext/pdfs/Panda (2020).pdf,InceptionV3,137,8,15,107,145,122,0.9448,0.877,n/r,image,fundus,expert ophthalmologist,Asia,internal,cross-sectional,no,confirmed,unspecified,n/r,0.543,InceptionV3,n/r,claude_pdf
Panda (2020),2020,projects/glaucoma-dl-dta-nma/pdfs/Panda (2020).pdf,04_fulltext/pdfs/Panda (2020).pdf,ResNet50,123,22,22,100,145,122,0.8483,0.8197,n/r,image,fundus,expert ophthalmologist,Asia,internal,cross-sectional,no,confirmed,unspecified,n/r,0.543,ResNet50,n/r,claude_pdf
Panda (2020),2020,projects/glaucoma-dl-dta-nma/pdfs/Panda (2020).pdf,04_fulltext/pdfs/Panda (2020).pdf,DenseNet121,136,9,11,111,145,122,0.9379,0.9098,n/r,image,fundus,expert ophthalmologist,Asia,internal,cross-sectional,no,confirmed,unspecified,n/r,0.543,DenseNet121,n/r,claude_pdf
Panda (2020),2020,projects/glaucoma-dl-dta-nma/pdfs/Panda (2020).pdf,04_fulltext/pdfs/Panda (2020).pdf,VGG16,127,18,24,98,145,122,0.8759,0.8033,n/r,image,fundus,expert ophthalmologist,Asia,internal,cross-sectional,no,confirmed,unspecified,n/r,0.543,VGG16,n/r,claude_pdf
Pandey (2024),2024,projects/glaucoma-dl-dta-nma/pdfs/Pandey (2024).pdf,04_fulltext/pdfs/Pandey (2024).pdf,Deep Convolutional Ensemble (DCE),18,7,0,75,25,75,0.72,1.0,n/r,image,fundus,other,North America,internal,retrospective,no,confirmed,unspecified,n/r,0.25,Ensemble of 5 InceptionV3 CNNs,majority vote of 5 networks,claude_pdf
Pandey (2024),2024,projects/glaucoma-dl-dta-nma/pdfs/Pandey (2024).pdf,04_fulltext/pdfs/Pandey (2024).pdf,Board-certified ophthalmologists (n=7),17,8,3,72,25,75,0.68,0.96,n/r,image,fundus,other,North America,internal,retrospective,no,confirmed,unspecified,n/r,0.25,,n/r,claude_pdf
Park (2025),2025,projects/glaucoma-dl-dta-nma/pdfs/Park (2025).pdf,04_fulltext/pdfs/Park (2025).pdf,Fundus-only (ResNet-18),42,8,6,44,50,50,0.84,0.88,0.89,eye,combined,expert ophthalmologist,Asia,internal,retrospective,no,confirmed,unspecified,n/r,0.481,ResNet-18 CNN,0.5,claude_pdf
Park (2025),2025,projects/glaucoma-dl-dta-nma/pdfs/Park (2025).pdf,04_fulltext/pdfs/Park (2025).pdf,OCT-only (Custom CNN),41,9,7,43,50,50,0.82,0.86,0.87,eye,combined,expert ophthalmologist,Asia,internal,retrospective,no,confirmed,unspecified,n/r,0.481,Custom 4-layer CNN,0.5,claude_pdf
Pham (2020),2020,projects/glaucoma-dl-dta-nma/pdfs/Pham (2020).pdf,04_fulltext/pdfs/Pham (2020).pdf,ResNet-50,99,7,12,54,106,66,0.934,0.8182,n/r,image,fundus,structural+functional,Asia,internal,retrospective,no,confirmed,unspecified,n/r,0.616,ResNet-50,n/r,claude_pdf
Phene (2019),2019,projects/glaucoma-dl-dta-nma/pdfs/Phene (2019).pdf,04_fulltext/pdfs/Phene (2019).pdf,DL algorithm (Inception-v3 ensemble) - Validation A,174,44,97,890,218,987,0.7982,0.9017,0.945 (95% CI 0.929-0.960),image,fundus,combined criteria,mixed,external,retrospective,yes,referable,unspecified,57,0.181,Inception-v3 ensemble (10 networks),balanced operating point,claude_pdf
Phene (2019),2019,projects/glaucoma-dl-dta-nma/pdfs/Phene (2019).pdf,04_fulltext/pdfs/Phene (2019).pdf,DL algorithm - 411 subset (head-to-head),56,18,26,311,74,337,0.7568,0.9228,0.933 (95% CI 0.899-0.961),image,fundus,combined criteria,mixed,external,retrospective,yes,referable,unspecified,57,0.181,Inception-v3 ensemble (10 networks),balanced operating point,claude_pdf
Ramzan (2019),2019,projects/glaucoma-dl-dta-nma/pdfs/Ramzan (2019).pdf,04_fulltext/pdfs/Ramzan (2019).pdf,CDR-based automated OCT classifier (vs Ophthalmologist 4),25,2,4,19,27,23,0.9259,0.8261,n/r,image,OCT,expert ophthalmologist,Asia,internal,cross-sectional,no,confirmed,unspecified,n/r,0.56,Image processing + CDR threshold classifier (ILM/RPE segmentation),CDR >= 0.5,claude_pdf
Ramzan (2019),2019,projects/glaucoma-dl-dta-nma/pdfs/Ramzan (2019).pdf,04_fulltext/pdfs/Ramzan (2019).pdf,CDR-based automated OCT classifier (vs Ophthalmologist 1),20,4,9,17,24,26,0.8333,0.6538,n/r,image,OCT,expert ophthalmologist,Asia,internal,cross-sectional,no,confirmed,unspecified,n/r,0.56,Image processing + CDR threshold classifier (ILM/RPE segmentation),CDR >= 0.5,claude_pdf
Ramzan (2019),2019,projects/glaucoma-dl-dta-nma/pdfs/Ramzan (2019).pdf,04_fulltext/pdfs/Ramzan (2019).pdf,CDR-based automated OCT classifier (vs Ophthalmologist 2),19,0,10,21,19,31,1.0,0.6774,n/r,image,OCT,expert ophthalmologist,Asia,internal,cross-sectional,no,confirmed,unspecified,n/r,0.56,Image processing + CDR threshold classifier (ILM/RPE segmentation),CDR >= 0.5,claude_pdf
Ramzan (2019),2019,projects/glaucoma-dl-dta-nma/pdfs/Ramzan (2019).pdf,04_fulltext/pdfs/Ramzan (2019).pdf,CDR-based automated OCT classifier (vs Ophthalmologist 3),25,5,4,16,30,20,0.8333,0.8,n/r,image,OCT,expert ophthalmologist,Asia,internal,cross-sectional,no,confirmed,unspecified,n/r,0.56,Image processing + CDR threshold classifier (ILM/RPE segmentation),CDR >= 0.5,claude_pdf
Ramzan (2019),2019,projects/glaucoma-dl-dta-nma/pdfs/Ramzan (2019).pdf,04_fulltext/pdfs/Ramzan (2019).pdf,CDR-based automated OCT classifier (vs CGV CDR),22,6,7,15,28,22,0.7857,0.6818,n/r,image,OCT,expert ophthalmologist,Asia,internal,cross-sectional,no,confirmed,unspecified,n/r,0.56,Image processing + CDR threshold classifier (ILM/RPE segmentation),CDR >= 0.5,claude_pdf
Ran (2019),2019,projects/glaucoma-dl-dta-nma/pdfs/Ran (2019).pdf,04_fulltext/pdfs/Ran (2019).pdf,DL transfer model (pretrained + trained),94,20,5,77,114,82,0.8246,0.939,0.937 (95% CI 0.906-0.968),eye,OCT,structural+functional,Asia,internal,mixed,no,confirmed,POAG,58.0,0.582,Convolutional neural network (6 conv + 3 max-pool + 3 FC layers) with transfer learning,Youden index optimum,claude_pdf
Ran (2019),2019,projects/glaucoma-dl-dta-nma/pdfs/Ran (2019).pdf,04_fulltext/pdfs/Ran (2019).pdf,"DL (both training datasets, no transfer)",81,33,17,65,114,82,0.7105,0.7927,0.782 (95% CI 0.719-0.846),eye,OCT,structural+functional,Asia,internal,mixed,no,confirmed,POAG,58.0,0.582,Convolutional neural network trained on combined pretraining+training data,Youden index optimum,claude_pdf
Ran (2019),2019,projects/glaucoma-dl-dta-nma/pdfs/Ran (2019).pdf,04_fulltext/pdfs/Ran (2019).pdf,"DL (training dataset only, no pretraining)",87,27,24,58,114,82,0.7632,0.7073,0.766 (95% CI 0.697-0.834),eye,OCT,structural+functional,Asia,internal,mixed,no,confirmed,POAG,58.0,0.582,Convolutional neural network without pretraining,Youden index optimum,claude_pdf
Ran (2019),2019,projects/glaucoma-dl-dta-nma/pdfs/Ran (2019).pdf,04_fulltext/pdfs/Ran (2019).pdf,"DL (pretraining dataset only, no further training)",97,17,25,57,114,82,0.8509,0.6951,0.788 (95% CI 0.727-0.850),eye,OCT,structural+functional,Asia,internal,mixed,no,confirmed,POAG,58.0,0.582,Convolutional neural network pretrained only,Youden index optimum,claude_pdf
Ran (2019),2019,projects/glaucoma-dl-dta-nma/pdfs/Ran (2019).pdf,04_fulltext/pdfs/Ran (2019).pdf,Random forest (both training datasets),73,41,9,73,114,82,0.6404,0.8902,0.820 (95% CI 0.762-0.878),eye,OCT,structural+functional,Asia,internal,mixed,no,confirmed,POAG,58.0,0.582,"Random forests (10,000 decision trees)",Youden index optimum,claude_pdf
Ran (2019),2019,projects/glaucoma-dl-dta-nma/pdfs/Ran (2019).pdf,04_fulltext/pdfs/Ran (2019).pdf,Random forest (training dataset only),76,38,2,80,114,82,0.6667,0.9756,0.862 (95% CI 0.810-0.913),eye,OCT,structural+functional,Asia,internal,mixed,no,confirmed,POAG,58.0,0.582,"Random forests (10,000 decision trees)",Youden index optimum,claude_pdf
Ran (2019),2019,projects/glaucoma-dl-dta-nma/pdfs/Ran (2019).pdf,04_fulltext/pdfs/Ran (2019).pdf,Random forest (pretraining dataset only),73,41,6,76,114,82,0.6404,0.9268,0.831 (95% CI 0.774-0.888),eye,OCT,structural+functional,Asia,internal,mixed,no,confirmed,POAG,58.0,0.582,"Random forests (10,000 decision trees)",Youden index optimum,claude_pdf
Ran (2019),2019,projects/glaucoma-dl-dta-nma/pdfs/Ran (2019).pdf,04_fulltext/pdfs/Ran (2019).pdf,Support vector machine (both training datasets),70,44,28,54,114,82,0.614,0.6585,0.674 (95% CI 0.600-0.749),eye,OCT,structural+functional,Asia,internal,mixed,no,confirmed,POAG,58.0,0.582,SVM with radial basis function,Youden index optimum,claude_pdf
Ran (2019),2019,projects/glaucoma-dl-dta-nma/pdfs/Ran (2019).pdf,04_fulltext/pdfs/Ran (2019).pdf,Support vector machine (training dataset only),57,57,3,79,114,82,0.5,0.9634,0.759 (95% CI 0.693-0.825),eye,OCT,structural+functional,Asia,internal,mixed,no,confirmed,POAG,58.0,0.582,SVM with radial basis function,Youden index optimum,claude_pdf
Ran (2019),2019,projects/glaucoma-dl-dta-nma/pdfs/Ran (2019).pdf,04_fulltext/pdfs/Ran (2019).pdf,Support vector machine (pretraining dataset only),45,69,7,75,114,82,0.3947,0.9146,0.631 (95% CI 0.556-0.705),eye,OCT,structural+functional,Asia,internal,mixed,no,confirmed,POAG,58.0,0.582,SVM with radial basis function,Youden index optimum,claude_pdf
Ran (2020),2020,projects/glaucoma-dl-dta-nma/pdfs/Ran (2020).pdf,04_fulltext/pdfs/Ran (2020).pdf,OCT specialist,62,2,1,35,64,36,0.9688,0.9722,n/r,eye,OCT,expert ophthalmologist,North America,internal,cross-sectional,yes,confirmed,unspecified,55.5,0.64,,n/r,claude_pdf
Rodriguez-Robles (2023),2023,projects/glaucoma-dl-dta-nma/pdfs/Rodriguez-Robles (2023).pdf,04_fulltext/pdfs/Rodriguez-Robles (2023).pdf,"Decision Tree (OCT MSP|Δ|, MNS=10, C(FN)=2.2)",38,9,19,142,47,161,0.8085,0.882,n/r,patient,combined,expert ophthalmologist,Europe,internal,retrospective,no,confirmed,unspecified,61.61,0.226,Decision Tree,"MNS=10, C(FN)=2.2",claude_pdf
Rodriguez-Robles (2023),2023,projects/glaucoma-dl-dta-nma/pdfs/Rodriguez-Robles (2023).pdf,04_fulltext/pdfs/Rodriguez-Robles (2023).pdf,"SVM (All RET + |δ|,|Δ| OCT, C(FN)=3.8)",39,8,30,131,47,161,0.8298,0.8137,n/r,patient,combined,expert ophthalmologist,Europe,internal,retrospective,no,confirmed,unspecified,61.61,0.226,Support Vector Machine,C(FN)=3.8,claude_pdf
Saeed (2024),2024,projects/glaucoma-dl-dta-nma/pdfs/Saeed (2024).pdf,04_fulltext/pdfs/Saeed (2024).pdf,"ChatGPT-4 (multimodal, no fine-tuning)",20,20,20,340,40,360,0.5,0.9444,n/r,image,fundus,structural+functional,Asia,external,retrospective,no,confirmed,mixed,n/r,0.1,ChatGPT-4 multimodal LLM (GPT-4V),binary classification: 'Likely Glaucomatous' vs 'Likely Non-Glaucomatous',claude_pdf
Sanchez (2022),2022,projects/glaucoma-dl-dta-nma/pdfs/Sanchez (2022).pdf,04_fulltext/pdfs/Sanchez (2022).pdf,CNN,726,63,37,881,789,918,0.9202,0.9597,0.97,image,fundus,expert ophthalmologist,Europe,internal,retrospective,no,confirmed,unspecified,n/r,0.462,CNN (2 conv layers 32/64 filters + MLP 1024),G-mean optimized,claude_pdf
Sanchez (2022),2022,projects/glaucoma-dl-dta-nma/pdfs/Sanchez (2022).pdf,04_fulltext/pdfs/Sanchez (2022).pdf,CapsNet,734,55,46,872,789,918,0.9303,0.9499,0.97,image,fundus,expert ophthalmologist,Europe,internal,retrospective,no,confirmed,unspecified,n/r,0.462,Capsule Network (PrimaryCaps + DigitCaps + MLP),G-mean optimized,claude_pdf
Sanchez (2022),2022,projects/glaucoma-dl-dta-nma/pdfs/Sanchez (2022).pdf,04_fulltext/pdfs/Sanchez (2022).pdf,CDAE,702,87,37,881,789,918,0.8897,0.9597,0.96,image,fundus,expert ophthalmologist,Europe,internal,retrospective,no,confirmed,unspecified,n/r,0.462,Convolutional Denoising Autoencoder,G-mean optimized,claude_pdf
Sanchez (2022),2022,projects/glaucoma-dl-dta-nma/pdfs/Sanchez (2022).pdf,04_fulltext/pdfs/Sanchez (2022).pdf,"Ensemble (K-NN voting, K=10)",742,47,28,890,789,918,0.9404,0.9695,0.98,image,fundus,expert ophthalmologist,Europe,internal,retrospective,no,confirmed,unspecified,n/r,0.462,Soft-voting ensemble of CNN + CapsNet + CDAE with K-NN weighting,G-mean optimized,claude_pdf
Senthil (2025),2025,projects/glaucoma-dl-dta-nma/pdfs/Senthil (2025).pdf,04_fulltext/pdfs/Senthil (2025).pdf,Medios Glaucoma AI,148,14,3,48,162,51,0.9136,0.9412,n/r,patient,fundus,structural+functional,Asia,external,prospective,yes,referable,mixed,55,0.761,Deep learning (cup-disc segmentation + binary classification CNN),n/r,claude_pdf
Serte (2020),2020,projects/glaucoma-dl-dta-nma/pdfs/Serte (2020).pdf,04_fulltext/pdfs/Serte (2020).pdf,AlexNet (no saliency),203,25,31,205,228,236,0.8904,0.8686,0.89,image,fundus,expert ophthalmologist,Asia,internal,retrospective,no,confirmed,unspecified,n/r,0.49,AlexNet,n/r,claude_pdf
Serte (2020),2020,projects/glaucoma-dl-dta-nma/pdfs/Serte (2020).pdf,04_fulltext/pdfs/Serte (2020).pdf,ResNet-50 (no saliency),203,25,28,208,228,236,0.8904,0.8814,0.89,image,fundus,expert ophthalmologist,Asia,internal,retrospective,no,confirmed,unspecified,n/r,0.49,ResNet-50,n/r,claude_pdf
Serte (2020),2020,projects/glaucoma-dl-dta-nma/pdfs/Serte (2020).pdf,04_fulltext/pdfs/Serte (2020).pdf,ResNet-152 (no saliency),171,57,14,222,228,236,0.75,0.9407,0.86,image,fundus,expert ophthalmologist,Asia,internal,retrospective,no,confirmed,unspecified,n/r,0.49,ResNet-152,n/r,claude_pdf
Serte (2020),2020,projects/glaucoma-dl-dta-nma/pdfs/Serte (2020).pdf,04_fulltext/pdfs/Serte (2020).pdf,AlexNet + graph-based saliency,212,16,28,208,228,236,0.9298,0.8814,0.92,image,fundus,expert ophthalmologist,Asia,internal,retrospective,no,confirmed,unspecified,n/r,0.49,AlexNet + graph-based saliency,n/r,claude_pdf
Serte (2020),2020,projects/glaucoma-dl-dta-nma/pdfs/Serte (2020).pdf,04_fulltext/pdfs/Serte (2020).pdf,ResNet-50 + graph-based saliency,217,11,40,196,228,236,0.9518,0.8305,0.93,image,fundus,expert ophthalmologist,Asia,internal,retrospective,no,confirmed,unspecified,n/r,0.49,ResNet-50 + graph-based saliency,n/r,claude_pdf
Serte (2020),2020,projects/glaucoma-dl-dta-nma/pdfs/Serte (2020).pdf,04_fulltext/pdfs/Serte (2020).pdf,ResNet-152 + graph-based saliency,212,16,35,201,228,236,0.9298,0.8517,0.89,image,fundus,expert ophthalmologist,Asia,internal,retrospective,no,confirmed,unspecified,n/r,0.49,ResNet-152 + graph-based saliency,n/r,claude_pdf
Serte (2020),2020,projects/glaucoma-dl-dta-nma/pdfs/Serte (2020).pdf,04_fulltext/pdfs/Serte (2020).pdf,Ensemble AlexNet+ResNet-50 (SP) + saliency,187,41,21,215,228,236,0.8202,0.911,0.89,image,fundus,expert ophthalmologist,Asia,internal,retrospective,no,confirmed,unspecified,n/r,0.49,Ensemble (AlexNet+ResNet-50) Sum-of-Probabilities + saliency,n/r,claude_pdf
Serte (2020),2020,projects/glaucoma-dl-dta-nma/pdfs/Serte (2020).pdf,04_fulltext/pdfs/Serte (2020).pdf,Ensemble AlexNet+ResNet-50 (PP) + saliency,196,32,26,210,228,236,0.8596,0.8898,0.91,image,fundus,expert ophthalmologist,Asia,internal,retrospective,no,confirmed,unspecified,n/r,0.49,Ensemble (AlexNet+ResNet-50) Product-of-Probabilities + saliency,n/r,claude_pdf
Serte (2020),2020,projects/glaucoma-dl-dta-nma/pdfs/Serte (2020).pdf,04_fulltext/pdfs/Serte (2020).pdf,Ensemble AlexNet+ResNet-50 (MV) + saliency,217,11,40,196,228,236,0.9518,0.8305,0.8,image,fundus,expert ophthalmologist,Asia,internal,retrospective,no,confirmed,unspecified,n/r,0.49,Ensemble (AlexNet+ResNet-50) Majority-Voting + saliency,n/r,claude_pdf
Serte (2020),2020,projects/glaucoma-dl-dta-nma/pdfs/Serte (2020).pdf,04_fulltext/pdfs/Serte (2020).pdf,Ensemble AlexNet+ResNet-50 (SMP) + saliency,196,32,24,212,228,236,0.8596,0.8983,0.95,image,fundus,expert ophthalmologist,Asia,internal,retrospective,no,confirmed,unspecified,n/r,0.49,Ensemble (AlexNet+ResNet-50) Sum-of-Maximal-Probabilities + saliency,n/r,claude_pdf
Serte (2020),2020,projects/glaucoma-dl-dta-nma/pdfs/Serte (2020).pdf,04_fulltext/pdfs/Serte (2020).pdf,Ensemble AlexNet+ResNet-50+ResNet-152 (SP) + saliency,182,46,19,217,228,236,0.7982,0.9195,0.89,image,fundus,expert ophthalmologist,Asia,internal,retrospective,no,confirmed,unspecified,n/r,0.49,Ensemble (AlexNet+ResNet-50+ResNet-152) Sum-of-Probabilities + saliency,n/r,claude_pdf
Serte (2020),2020,projects/glaucoma-dl-dta-nma/pdfs/Serte (2020).pdf,04_fulltext/pdfs/Serte (2020).pdf,Ensemble AlexNet+ResNet-50+ResNet-152 (PP) + saliency,187,41,19,217,228,236,0.8202,0.9195,0.88,image,fundus,expert ophthalmologist,Asia,internal,retrospective,no,confirmed,unspecified,n/r,0.49,Ensemble (AlexNet+ResNet-50+ResNet-152) Product-of-Probabilities + saliency,n/r,claude_pdf
Serte (2020),2020,projects/glaucoma-dl-dta-nma/pdfs/Serte (2020).pdf,04_fulltext/pdfs/Serte (2020).pdf,Ensemble AlexNet+ResNet-50+ResNet-152 (MV) + saliency,203,25,35,201,228,236,0.8904,0.8517,0.87,image,fundus,expert ophthalmologist,Asia,internal,retrospective,no,confirmed,unspecified,n/r,0.49,Ensemble (AlexNet+ResNet-50+ResNet-152) Majority-Voting + saliency,n/r,claude_pdf
Serte (2020),2020,projects/glaucoma-dl-dta-nma/pdfs/Serte (2020).pdf,04_fulltext/pdfs/Serte (2020).pdf,Ensemble AlexNet+ResNet-50+ResNet-152 (SMP) + saliency,196,32,24,212,228,236,0.8596,0.8983,0.94,image,fundus,expert ophthalmologist,Asia,internal,retrospective,no,confirmed,unspecified,n/r,0.49,Ensemble (AlexNet+ResNet-50+ResNet-152) Sum-of-Maximal-Probabilities + saliency,n/r,claude_pdf
Serte (2021),2021,projects/glaucoma-dl-dta-nma/pdfs/Serte (2021).pdf,04_fulltext/pdfs/Serte (2021).pdf,EffUnet-SpaGen (ORIGA),83,1,6,235,84,241,0.9881,0.9751,0.997,image,fundus,expert ophthalmologist,Asia,internal,retrospective,no,confirmed,unspecified,n/r,0.258,EffUnet (EfficientNet-B1 U-Net) + SpaGen generative model,ROC closest-to-top-left,claude_pdf
Serte (2021),2021,projects/glaucoma-dl-dta-nma/pdfs/Serte (2021).pdf,04_fulltext/pdfs/Serte (2021).pdf,EffUnet-SpaGen (DRISHTI),12,1,3,35,13,38,0.9231,0.9211,0.969,image,fundus,expert ophthalmologist,Asia,internal,retrospective,no,confirmed,unspecified,n/r,0.258,EffUnet (EfficientNet-B1 U-Net) + SpaGen generative model,ROC closest-to-top-left,claude_pdf
Shehryar (2020),2020,projects/glaucoma-dl-dta-nma/pdfs/Shehryar (2020).pdf,04_fulltext/pdfs/Shehryar (2020).pdf,HSF module (Hybrid Structural Features),24,4,8,14,28,22,0.8571,0.6364,n/r,image,combined,expert ophthalmologist,Asia,internal,cross-sectional,no,confirmed,unspecified,n/r,0.56,"SVM with structural features (CDR, RDR, cup shape)",CDR>0.5; RDR<0.1,claude_pdf
Shehryar (2020),2020,projects/glaucoma-dl-dta-nma/pdfs/Shehryar (2020).pdf,04_fulltext/pdfs/Shehryar (2020).pdf,HTF module (Hybrid Textural Features),24,4,4,18,28,22,0.8571,0.8182,n/r,image,combined,expert ophthalmologist,Asia,internal,cross-sectional,no,confirmed,unspecified,n/r,0.56,"SVM with 115 textural/intensity features (GLCM, DWT, SFTA, color moments)",n/r,claude_pdf
Shehryar (2020),2020,projects/glaucoma-dl-dta-nma/pdfs/Shehryar (2020).pdf,04_fulltext/pdfs/Shehryar (2020).pdf,OCT module,26,2,1,21,28,22,0.9286,0.9545,n/r,image,combined,expert ophthalmologist,Asia,internal,cross-sectional,no,confirmed,unspecified,n/r,0.56,Rule-based CDR from ILM/RPE layer segmentation on SD-OCT,CDR>0.5,claude_pdf
Shehryar (2020),2020,projects/glaucoma-dl-dta-nma/pdfs/Shehryar (2020).pdf,04_fulltext/pdfs/Shehryar (2020).pdf,H-CAD (Hybrid CAD: fundus+OCT fusion),28,0,2,20,28,22,1.0,0.9091,n/r,image,combined,expert ophthalmologist,Asia,internal,cross-sectional,no,confirmed,unspecified,n/r,0.56,Decision fusion of HSF + HTF + OCT modules,majority voting across 3 modules,claude_pdf
Shin (2021),2021,projects/glaucoma-dl-dta-nma/pdfs/Shin (2021).pdf,04_fulltext/pdfs/Shin (2021).pdf,ResNet-50 (referable glaucoma),46,12,55,492,58,547,0.7931,0.8995,0.899 (0.870-0.928),image,fundus,expert ophthalmologist,Asia,internal,retrospective,yes,referable,unspecified,55.7,0.096,ResNet-50,preset specificity 0.90,claude_pdf
Shoukat (2023),2023,projects/glaucoma-dl-dta-nma/pdfs/Shoukat (2023).pdf,04_fulltext/pdfs/Shoukat (2023).pdf,ResNet-50 (G1020),294,2,25,699,296,724,0.9932,0.9655,0.97,image,fundus,expert ophthalmologist,Asia,internal,retrospective,no,confirmed,unspecified,n/r,0.29,"ResNet-50 (transfer learning, grayscale fundus)",n/r,claude_pdf
Shyamalee (2024),2024,projects/glaucoma-dl-dta-nma/pdfs/Shyamalee (2024).pdf,04_fulltext/pdfs/Shyamalee (2024).pdf,Attention U-Net (ResNet50) + modified Inception V3,394,2,24,522,396,546,0.9949,0.956,0.99,image,fundus,expert ophthalmologist,mixed,internal,retrospective,no,confirmed,unspecified,n/r,0.42,Attention U-Net with ResNet50 backbone for segmentation + modified Inception V3 for classification,n/r,claude_pdf
Sidhu (2024),2024,projects/glaucoma-dl-dta-nma/pdfs/Sidhu (2024).pdf,04_fulltext/pdfs/Sidhu (2024).pdf,ResNet50V2 (Lobe),365,75,107,428,440,535,0.8295,0.8,n/r,image,fundus,expert ophthalmologist,Asia,internal,retrospective,no,confirmed,unspecified,57.9,0.451,"ResNet50V2 (CNN, Microsoft Lobe)",n/r,claude_pdf
Singh (2022),2022,projects/glaucoma-dl-dta-nma/pdfs/Singh (2022).pdf,04_fulltext/pdfs/Singh (2022).pdf,CPSO+KNN (univariate),24,1,3,82,25,85,0.96,0.9647,n/r,image,fundus,expert ophthalmologist,Asia,internal,retrospective,no,confirmed,unspecified,53.5,0.231,Customized PSO feature selection + K-nearest neighbour classifier,n/r,claude_pdf
Song (2025),2025,projects/glaucoma-dl-dta-nma/pdfs/Song (2025).pdf,04_fulltext/pdfs/Song (2025).pdf,Concatenated CNN+ANN (Model 3),515,51,51,799,566,850,0.9099,0.94,n/r,image,combined,structural+functional,Asia,internal,retrospective,no,confirmed,unspecified,n/r,0.40,"Concatenated CNN (fundus) + ANN (WA_MT, WA_RNFL)",p>0.5,claude_pdf
Song (2025),2025,projects/glaucoma-dl-dta-nma/pdfs/Song (2025).pdf,04_fulltext/pdfs/Song (2025).pdf,CNN only (Model 1),498,68,94,756,566,850,0.8799,0.8894,n/r,image,combined,structural+functional,Asia,internal,retrospective,no,confirmed,unspecified,n/r,0.40,CNN (fundus image),p>0.5,claude_pdf
Song (2025),2025,projects/glaucoma-dl-dta-nma/pdfs/Song (2025).pdf,04_fulltext/pdfs/Song (2025).pdf,ANN only (Model 2),379,187,264,586,566,850,0.6696,0.6894,n/r,image,combined,structural+functional,Asia,internal,retrospective,no,confirmed,unspecified,n/r,0.40,"ANN (WA_MT, WA_RNFL)",p>0.5,claude_pdf
Sreng (2021),2021,projects/glaucoma-dl-dta-nma/pdfs/Sreng (2021).pdf,04_fulltext/pdfs/Sreng (2021).pdf,VGG16,224,155,111,205,379,316,0.591,0.6487,0.6,image,fundus,expert ophthalmologist,Oceania,internal,cross-sectional,no,confirmed,mixed,56.9,0.545,"VGG16 CNN (transfer learning, ImageNet)",n/r,claude_pdf
Sreng (2021),2021,projects/glaucoma-dl-dta-nma/pdfs/Sreng (2021).pdf,04_fulltext/pdfs/Sreng (2021).pdf,ResNet50,269,110,76,240,379,316,0.7098,0.7595,0.83,image,fundus,expert ophthalmologist,Oceania,internal,cross-sectional,no,confirmed,mixed,56.9,0.545,"ResNet50 CNN (transfer learning, ImageNet)",n/r,claude_pdf
Sreng (2021),2021,projects/glaucoma-dl-dta-nma/pdfs/Sreng (2021).pdf,04_fulltext/pdfs/Sreng (2021).pdf,VGG16 + LSTM,360,19,13,303,379,316,0.9499,0.9589,0.99,image,fundus,expert ophthalmologist,Oceania,internal,cross-sectional,no,confirmed,mixed,56.9,0.545,VGG16 CNN + LSTM RNN (spatial+temporal on fundus video),n/r,claude_pdf
Sreng (2021),2021,projects/glaucoma-dl-dta-nma/pdfs/Sreng (2021).pdf,04_fulltext/pdfs/Sreng (2021).pdf,ResNet50 + LSTM,337,42,9,307,379,316,0.8892,0.9715,0.97,image,fundus,expert ophthalmologist,Oceania,internal,cross-sectional,no,confirmed,mixed,56.9,0.545,ResNet50 CNN + LSTM RNN (spatial+temporal on fundus video),n/r,claude_pdf
Szanto (2025),2025,projects/glaucoma-dl-dta-nma/pdfs/Szanto (2025).pdf,04_fulltext/pdfs/Szanto (2025).pdf,ResNet-3D-18 Model A (entire OCT volume),1675,164,56,5119,1839,5175,0.9108,0.9892,0.977 (95% CI 0.974-0.979) macro; glaucoma class 0.988,image,OCT,other,North America,internal,cross-sectional,no,confirmed,unspecified,54.2,0.082,"ResNet-3D-18 (3D CNN, full unsegmented volume)",argmax of 4-class softmax,claude_pdf
Szanto (2025),2025,projects/glaucoma-dl-dta-nma/pdfs/Szanto (2025).pdf,04_fulltext/pdfs/Szanto (2025).pdf,ResNet-3D-18 Model B (peripapillary region only),1592,247,93,5082,1839,5175,0.8657,0.982,0.970 (95% CI 0.967-0.972) macro; glaucoma class 0.984,image,OCT,other,North America,internal,cross-sectional,no,confirmed,unspecified,54.2,0.082,ResNet-3D-18 with ONH-occluding cylindrical mask (PPR only),argmax of 4-class softmax,claude_pdf
Szanto (2025),2025,projects/glaucoma-dl-dta-nma/pdfs/Szanto (2025).pdf,04_fulltext/pdfs/Szanto (2025).pdf,ResNet-3D-18 Model C (ONH only),1674,165,63,5112,1839,5175,0.9103,0.9878,0.972 (95% CI 0.970-0.975) macro; glaucoma class 0.988,image,OCT,other,North America,internal,cross-sectional,no,confirmed,unspecified,54.2,0.082,ResNet-3D-18 with PPR-occluding mask (ONH-only),argmax of 4-class softmax,claude_pdf
Tantisevi (2025),2025,projects/glaucoma-dl-dta-nma/pdfs/Tantisevi (2025).pdf,04_fulltext/pdfs/Tantisevi (2025).pdf,DeiT-S + Polar + Pie (proposed),80,6,6,114,86,120,0.9302,0.95,0.9263,image,fundus,expert ophthalmologist,Asia,internal,retrospective,no,screening,unspecified,n/r,0.308,"DeiT-S (Data-efficient image Transformer, vision transformer)",n/r,claude_pdf
Tantisevi (2025),2025,projects/glaucoma-dl-dta-nma/pdfs/Tantisevi (2025).pdf,04_fulltext/pdfs/Tantisevi (2025).pdf,ConvNeXt-S + Local + Donut,78,8,9,111,86,120,0.907,0.925,0.9095,image,fundus,expert ophthalmologist,Asia,internal,retrospective,no,screening,unspecified,n/r,0.308,ConvNeXt-S (CNN),n/r,claude_pdf
Tantisevi (2025),2025,projects/glaucoma-dl-dta-nma/pdfs/Tantisevi (2025).pdf,04_fulltext/pdfs/Tantisevi (2025).pdf,ConvNeXt-S + Polar + Donut,81,5,4,116,86,120,0.9419,0.9667,0.902,image,fundus,expert ophthalmologist,Asia,internal,retrospective,no,screening,unspecified,n/r,0.308,ConvNeXt-S (CNN),n/r,claude_pdf
Tantisevi (2025),2025,projects/glaucoma-dl-dta-nma/pdfs/Tantisevi (2025).pdf,04_fulltext/pdfs/Tantisevi (2025).pdf,DeiT-S + Polar + Donut,75,11,7,113,86,120,0.8721,0.9417,0.891,image,fundus,expert ophthalmologist,Asia,internal,retrospective,no,screening,unspecified,n/r,0.308,DeiT-S (vision transformer),n/r,claude_pdf
Thompson (2019),2019,projects/glaucoma-dl-dta-nma/pdfs/Thompson (2019).pdf,04_fulltext/pdfs/Thompson (2019).pdf,ResNet34 DL (OCT-trained),1765,557,198,3772,2322,3970,0.7601,0.9501,0.944 (0.912-0.966),image,fundus,structural+functional,North America,internal,cross-sectional,no,confirmed,POAG,64.0,0.369,ResNet34 CNN,fixed specificity 95%,claude_pdf
Upadhyaya (2025),2025,projects/glaucoma-dl-dta-nma/pdfs/Upadhyaya (2025).pdf,04_fulltext/pdfs/Upadhyaya (2025).pdf,Medios AI-Glaucoma (conservative criterion),20,2,19,258,22,277,0.9091,0.9314,n/r,patient,fundus,expert ophthalmologist,Asia,external,prospective,yes,referable,unspecified,45,0.074,Deep convolutional neural network (Medios offline Glaucoma AI on Remidio FOP NM-10),Conservative criterion: referable glaucoma vs (normal + disc suspect),claude_pdf
Upadhyaya (2025b),2025b,projects/glaucoma-dl-dta-nma/pdfs/Upadhyaya (2025b).pdf,04_fulltext/pdfs/Upadhyaya (2025b).pdf,Medios AI-Glaucoma (offline),20,2,19,258,22,277,0.9091,0.9314,n/r,patient,fundus,expert ophthalmologist,Asia,external,prospective,yes,referable,unspecified,45,0.074,"Deep convolutional neural network (Medios offline glaucoma AI, smartphone-based)",Conservative criterion (referable glaucoma vs normal+disc suspect),claude_pdf
Wang (2021),2021,projects/glaucoma-dl-dta-nma/pdfs/Wang (2021).pdf,04_fulltext/pdfs/Wang (2021).pdf,ONH-AlexNet,286,53,18,329,339,347,0.8437,0.9481,0.953,image,fundus,expert ophthalmologist,mixed,internal,cross-sectional,no,confirmed,unspecified,n/r,0.494,"AlexNet (transfer learning, 2D ONH)",n/r,claude_pdf
Wang (2021),2021,projects/glaucoma-dl-dta-nma/pdfs/Wang (2021).pdf,04_fulltext/pdfs/Wang (2021).pdf,3D map-AlexNet,278,61,17,330,339,347,0.8201,0.951,0.964,image,fundus,expert ophthalmologist,mixed,internal,cross-sectional,no,confirmed,unspecified,n/r,0.494,"AlexNet (transfer learning, 3D SFS topography)",n/r,claude_pdf
Wang (2021),2021,projects/glaucoma-dl-dta-nma/pdfs/Wang (2021).pdf,04_fulltext/pdfs/Wang (2021).pdf,AU ONH-AlexNet,296,43,16,331,339,347,0.8732,0.9539,0.97,image,fundus,expert ophthalmologist,mixed,internal,cross-sectional,no,confirmed,unspecified,n/r,0.494,"AlexNet (transfer learning, augmented 2D ONH)",n/r,claude_pdf
Wang (2021),2021,projects/glaucoma-dl-dta-nma/pdfs/Wang (2021).pdf,04_fulltext/pdfs/Wang (2021).pdf,ONH-VGG16,291,48,16,331,339,347,0.8584,0.9539,0.962,image,fundus,expert ophthalmologist,mixed,internal,cross-sectional,no,confirmed,unspecified,n/r,0.494,"VGG-16 (transfer learning, 2D ONH)",n/r,claude_pdf
Wang (2021),2021,projects/glaucoma-dl-dta-nma/pdfs/Wang (2021).pdf,04_fulltext/pdfs/Wang (2021).pdf,3D map-VGG16,303,36,12,335,339,347,0.8938,0.9654,0.981,image,fundus,expert ophthalmologist,mixed,internal,cross-sectional,no,confirmed,unspecified,n/r,0.494,"VGG-16 (transfer learning, 3D SFS topography)",n/r,claude_pdf
Wang (2021),2021,projects/glaucoma-dl-dta-nma/pdfs/Wang (2021).pdf,04_fulltext/pdfs/Wang (2021).pdf,AU ONH-VGG16,307,32,7,340,339,347,0.9056,0.9798,0.991,image,fundus,expert ophthalmologist,mixed,internal,cross-sectional,no,confirmed,unspecified,n/r,0.494,"VGG-16 (transfer learning, augmented 2D ONH)",n/r,claude_pdf
Wei (2024),2024,projects/glaucoma-dl-dta-nma/pdfs/Wei (2024).pdf,04_fulltext/pdfs/Wei (2024).pdf,ResNet152,176,24,29,1371,200,1400,0.88,0.9793,0.928,image,fundus,expert ophthalmologist,Asia,internal,retrospective,no,confirmed,unspecified,n/r,0.125,ResNet152,n/r,claude_pdf
Wei (2024),2024,projects/glaucoma-dl-dta-nma/pdfs/Wei (2024).pdf,04_fulltext/pdfs/Wei (2024).pdf,DenseNet121,164,36,90,1310,200,1400,0.82,0.9357,0.878,image,fundus,expert ophthalmologist,Asia,internal,retrospective,no,confirmed,unspecified,n/r,0.125,DenseNet121,n/r,claude_pdf
Wei (2024),2024,projects/glaucoma-dl-dta-nma/pdfs/Wei (2024).pdf,04_fulltext/pdfs/Wei (2024).pdf,MobileNetV3,162,38,133,1267,200,1400,0.81,0.905,0.866,image,fundus,expert ophthalmologist,Asia,internal,retrospective,no,confirmed,unspecified,n/r,0.125,MobileNetV3_small,n/r,claude_pdf
Wei (2024),2024,projects/glaucoma-dl-dta-nma/pdfs/Wei (2024).pdf,04_fulltext/pdfs/Wei (2024).pdf,ShufflenetV2,158,42,116,1284,200,1400,0.79,0.9171,0.855,image,fundus,expert ophthalmologist,Asia,internal,retrospective,no,confirmed,unspecified,n/r,0.125,ShuffleNet_v2_x0_5,n/r,claude_pdf
Wu (2024),2024,projects/glaucoma-dl-dta-nma/pdfs/Wu (2024).pdf,04_fulltext/pdfs/Wu (2024).pdf,Dual-modal fusion network (Inception v3 + ANN),19,6,1,81,25,82,0.76,0.9878,0.968 (0.937-0.999),eye,combined,expert ophthalmologist,Asia,internal,retrospective,no,confirmed,unspecified,47.4,0.216,Inception v3 (fundus) + ANN MLP (30-RNFL),n/r,claude_pdf
Wu (2024),2024,projects/glaucoma-dl-dta-nma/pdfs/Wu (2024).pdf,04_fulltext/pdfs/Wu (2024).pdf,OCT Net (ANN on 30-RNFL),18,7,3,79,25,82,0.72,0.9634,0.916 (0.855-0.977),eye,combined,expert ophthalmologist,Asia,internal,retrospective,no,confirmed,unspecified,47.4,0.216,ANN (3-layer MLP),n/r,claude_pdf
Wu (2024),2024,projects/glaucoma-dl-dta-nma/pdfs/Wu (2024).pdf,04_fulltext/pdfs/Wu (2024).pdf,Clock sectors + SVM (RNFL),15,10,9,73,25,82,0.6,0.8902,0.841 (0.749-0.933),eye,combined,expert ophthalmologist,Asia,internal,retrospective,no,confirmed,unspecified,47.4,0.216,SVM (Clock 4-sector RNFL),n/r,claude_pdf
Wu (2024),2024,projects/glaucoma-dl-dta-nma/pdfs/Wu (2024).pdf,04_fulltext/pdfs/Wu (2024).pdf,ISNT sectors + SVM (RNFL),17,8,4,78,25,82,0.68,0.9512,0.862 (0.757-0.968),eye,combined,expert ophthalmologist,Asia,internal,retrospective,no,confirmed,unspecified,47.4,0.216,SVM (ISNT 4-sector RNFL),n/r,claude_pdf
Wu (2024),2024,projects/glaucoma-dl-dta-nma/pdfs/Wu (2024).pdf,04_fulltext/pdfs/Wu (2024).pdf,OD sectors + SVM (RNFL),16,9,5,77,25,82,0.64,0.939,0.886 (0.815-0.957),eye,combined,expert ophthalmologist,Asia,internal,retrospective,no,confirmed,unspecified,47.4,0.216,SVM (OD 4-sector RNFL),n/r,claude_pdf
Wu (2024),2024,projects/glaucoma-dl-dta-nma/pdfs/Wu (2024).pdf,04_fulltext/pdfs/Wu (2024).pdf,"Image Net (Inception v3, fundus only)",13,12,6,76,25,82,0.52,0.9268,0.867 (0.781-0.952),eye,combined,expert ophthalmologist,Asia,internal,retrospective,no,confirmed,unspecified,47.4,0.216,Inception v3,n/r,claude_pdf
Wu (2024),2024,projects/glaucoma-dl-dta-nma/pdfs/Wu (2024).pdf,04_fulltext/pdfs/Wu (2024).pdf,ResNet50 (fundus only),10,15,5,77,25,82,0.4,0.939,0.774 (0.670-0.878),eye,combined,expert ophthalmologist,Asia,internal,retrospective,no,confirmed,unspecified,47.4,0.216,ResNet50,n/r,claude_pdf
Wu (2024),2024,projects/glaucoma-dl-dta-nma/pdfs/Wu (2024).pdf,04_fulltext/pdfs/Wu (2024).pdf,VGG16 (fundus only),12,13,6,76,25,82,0.48,0.9268,0.747 (0.628-0.866),eye,combined,expert ophthalmologist,Asia,internal,retrospective,no,confirmed,unspecified,47.4,0.216,VGG16,n/r,claude_pdf
Xiong (2025),2025,projects/glaucoma-dl-dta-nma/pdfs/Xiong (2025).pdf,04_fulltext/pdfs/Xiong (2025).pdf,Multi-GlaucNet (REFUGE),13,1,3,103,14,106,0.9286,0.9717,0.95,image,fundus,expert ophthalmologist,mixed,internal,retrospective,no,confirmed,unspecified,n/r,n/r,Multi-task CNN (U-Net OD+vessel segmentation + ResNet50 detection),n/r,claude_pdf
Xiong (2025),2025,projects/glaucoma-dl-dta-nma/pdfs/Xiong (2025).pdf,04_fulltext/pdfs/Xiong (2025).pdf,Multi-GlaucNet (ACRIMA),33,0,1,25,33,26,1.0,0.9615,0.981,image,fundus,expert ophthalmologist,mixed,internal,retrospective,no,confirmed,unspecified,n/r,n/r,Multi-task CNN (U-Net OD+vessel segmentation + ResNet50 detection),n/r,claude_pdf
Xu (2021),2021,projects/glaucoma-dl-dta-nma/pdfs/Xu (2021).pdf,04_fulltext/pdfs/Xu (2021).pdf,TIA-Net (Tongren internal),745,132,132,873,877,1005,0.8495,0.8687,0.929,image,fundus,expert ophthalmologist,Asia,external,retrospective,no,confirmed,unspecified,n/r,0.466,"Transfer Induced Attention Network (CNN + channel-wise attention + MMD, cataract-pretrained)",n/r,claude_pdf
Xu (2021),2021,projects/glaucoma-dl-dta-nma/pdfs/Xu (2021).pdf,04_fulltext/pdfs/Xu (2021).pdf,TIA-Net (ORIGA external),660,217,229,776,877,1005,0.7526,0.7721,0.835,image,fundus,expert ophthalmologist,Asia,external,retrospective,no,confirmed,unspecified,n/r,0.466,"Transfer Induced Attention Network (CNN + channel-wise attention + MMD, cataract-pretrained)",n/r,claude_pdf
Xu (2025),2025,projects/glaucoma-dl-dta-nma/pdfs/Xu (2025).pdf,04_fulltext/pdfs/Xu (2025).pdf,PK-Net (BFNet) - PAPILA,77,10,21,312,87,333,0.8851,0.9369,0.9567,image,fundus,combined criteria,Asia,mixed,retrospective,no,screening,unspecified,n/r,n/r,BFNet (dual-path ConvNeXt-Tiny with binocular fusion),BAcc-maximizing,claude_pdf
Xu (2025),2025,projects/glaucoma-dl-dta-nma/pdfs/Xu (2025).pdf,04_fulltext/pdfs/Xu (2025).pdf,PK-Net (BFNet) - OIA-ODIR,78,13,27,138,91,165,0.8571,0.8364,0.9211,image,fundus,combined criteria,Asia,mixed,retrospective,no,screening,unspecified,n/r,n/r,BFNet (dual-path ConvNeXt-Tiny with binocular fusion),BAcc-maximizing,claude_pdf
Xu (2025),2025,projects/glaucoma-dl-dta-nma/pdfs/Xu (2025).pdf,04_fulltext/pdfs/Xu (2025).pdf,PK-Net (GloLocNet) - ORIGA→REFUGE external,63,17,80,640,80,720,0.7875,0.8889,0.9119,image,fundus,combined criteria,Asia,mixed,retrospective,no,screening,unspecified,n/r,n/r,GloLocNet (dual-path ConvNeXt-Tiny with triple-loss fusion),BAcc-maximizing,claude_pdf
Xu (2025),2025,projects/glaucoma-dl-dta-nma/pdfs/Xu (2025).pdf,04_fulltext/pdfs/Xu (2025).pdf,PK-Net (GloLocNet) - GAMMA,38,12,4,46,50,50,0.76,0.92,0.9516,image,fundus,combined criteria,Asia,mixed,retrospective,no,screening,unspecified,n/r,n/r,GloLocNet (dual-path ConvNeXt-Tiny with triple-loss fusion),BAcc-maximizing,claude_pdf
Yeung (2023),2023,projects/glaucoma-dl-dta-nma/pdfs/Yeung (2023).pdf,04_fulltext/pdfs/Yeung (2023).pdf,Dr Noon AI (retina clinic vs glaucoma grader),18,4,4,315,22,319,0.8182,0.9875,0.8304 (95% CI 0.6841-0.9768),patient,fundus,expert ophthalmologist,Asia,external,prospective,yes,referable,unspecified,n/r,0.0639,"modified VGG CNN (Dr Noon, Medi Whale)",n/r,claude_pdf
Yeung (2023),2023,projects/glaucoma-dl-dta-nma/pdfs/Yeung (2023).pdf,04_fulltext/pdfs/Yeung (2023).pdf,Dr Noon AI (physician clinic vs glaucoma grader),20,4,11,347,24,358,0.8333,0.9693,0.7060 (95% CI 0.5730-0.8392),patient,fundus,expert ophthalmologist,Asia,external,prospective,yes,referable,unspecified,n/r,0.0639,"modified VGG CNN (Dr Noon, Medi Whale)",n/r,claude_pdf
Yip (2024),2024,projects/glaucoma-dl-dta-nma/pdfs/Yip (2024).pdf,04_fulltext/pdfs/Yip (2024).pdf,Medios AI-Glaucoma (ResNet-50),104,7,19,113,111,132,0.9369,0.8561,n/r,patient,fundus,expert ophthalmologist,Asia,external,prospective,yes,referable,mixed,59,0.457,ResNet-50,n/r,claude_pdf
Yoo (2021),2021,projects/glaucoma-dl-dta-nma/pdfs/Yoo (2021).pdf,04_fulltext/pdfs/Yoo (2021).pdf,MobileNetV2 (binary glaucoma vs normal),15,0,1,5,15,6,1.0,0.8333,n/r,image,fundus,expert ophthalmologist,Asia,internal,retrospective,no,confirmed,unspecified,n/r,0.70,MobileNetV2 with transfer learning (ImageNet pre-trained),n/r,claude_pdf
Yuksel (2022),2022,projects/glaucoma-dl-dta-nma/pdfs/Yuksel (2022).pdf,04_fulltext/pdfs/Yuksel (2022).pdf,ResNet-50,318,2,15,223,320,238,0.9938,0.937,n/r,image,fundus,expert ophthalmologist,Asia,internal,retrospective,no,confirmed,unspecified,n/r,n/r,ResNet-50,n/r,claude_pdf
Yuksel (2022),2022,projects/glaucoma-dl-dta-nma/pdfs/Yuksel (2022).pdf,04_fulltext/pdfs/Yuksel (2022).pdf,ResNet-101,313,7,7,231,320,238,0.9781,0.9706,n/r,image,fundus,expert ophthalmologist,Asia,internal,retrospective,no,confirmed,unspecified,n/r,n/r,ResNet-101,n/r,claude_pdf
Yuksel (2022),2022,projects/glaucoma-dl-dta-nma/pdfs/Yuksel (2022).pdf,04_fulltext/pdfs/Yuksel (2022).pdf,VGG-19,320,0,5,233,320,238,1.0,0.979,n/r,image,fundus,expert ophthalmologist,Asia,internal,retrospective,no,confirmed,unspecified,n/r,n/r,VGG-19,n/r,claude_pdf
Yuksel (2022),2022,projects/glaucoma-dl-dta-nma/pdfs/Yuksel (2022).pdf,04_fulltext/pdfs/Yuksel (2022).pdf,2D CNN,320,0,2,236,320,238,1.0,0.9916,n/r,image,fundus,expert ophthalmologist,Asia,internal,retrospective,no,confirmed,unspecified,n/r,n/r,2D CNN (5 convolutional layers),n/r,claude_pdf
Zhang (2022),2022,projects/glaucoma-dl-dta-nma/pdfs/Zhang (2022).pdf,04_fulltext/pdfs/Zhang (2022).pdf,MTCLF,1646,67,94,3047,1713,3141,0.9609,0.9701,0.996,image,fundus,expert ophthalmologist,Asia,internal,retrospective,no,screening,unspecified,n/r,0.353,"Multitask curriculum learning framework (teacher-student dual-branch CNN, ResNet-34 teacher with GC block self-attention; student with ResBlock dual-branch + CLM + ASPP)",n/r,claude_pdf
